id,address
IP00000,162.50.37.81
IP00001,4.14.168.194
IP00002,82.151.200.151
IP00003,68.207.39.128
IP00004,54.153.184.94
IP00005,33.188.57.246
IP00006,152.170.39.251
IP00007,143.100.242.175
IP00008,228.215.129.76
IP00009,10.249.151.167
IP00010,41.11.136.10
IP00011,10.191.230.163
IP00012,32.103.3.129
IP00013,27.82.81.142
IP00014,22.189.249.231
IP00015,35.232.149.35
IP00016,173.25.93.70
IP00017,17.1.126.166
IP00018,239.130.44.170
IP00019,84.145.189.253
IP00020,228.192.156.84
IP00021,109.119.75.6
IP00022,44.240.69.54
IP00023,169.174.139.103
IP00024,38.90.131.33
IP00025,11.186.201.218
IP00026,77.78.115.52
IP00027,110.181.119.160
IP00028,114.183.164.13
IP00029,47.172.255.219
IP00030,254.188.84.111
IP00031,184.10.79.109
IP00032,6.176.22.206
IP00033,172.141.183.96
IP00034,123.237.125.28
IP00035,142.123.27.87
IP00036,169.158.10.185
IP00037,64.80.98.52
IP00038,236.252.116.160
IP00039,241.92.169.176
IP00040,235.38.116.170
IP00041,215.195.61.7
IP00042,210.50.151.73
IP00043,116.89.128.38
IP00044,179.147.40.229
IP00045,174.103.118.81
IP00046,196.38.191.161
IP00047,235.244.35.206
IP00048,71.174.56.95
IP00049,120.225.68.0
IP00050,175.232.238.89
IP00051,205.118.4.162
IP00052,229.160.201.163
IP00053,165.97.106.143
IP00054,147.4.68.71
IP00055,2.95.70.124
IP00056,121.117.103.17
IP00057,13.213.97.13
IP00058,6.34.159.204
IP00059,46.206.115.189
IP00060,24.156.74.37
IP00061,163.167.61.204
IP00062,110.94.176.101
IP00063,28.206.20.54
IP00064,195.130.82.119
IP00065,68.215.144.210
IP00066,129.131.236.248
IP00067,247.33.252.32
IP00068,175.159.142.79
IP00069,59.155.62.157
IP00070,193.153.102.163
IP00071,74.120.55.141
IP00072,160.114.35.44
IP00073,107.58.59.95
IP00074,194.4.44.57
IP00075,144.236.181.229
IP00076,50.228.160.212
IP00077,61.248.87.236
IP00078,133.74.100.57
IP00079,237.222.42.66
IP00080,98.38.104.129
IP00081,159.233.170.30
IP00082,51.44.217.229
IP00083,159.116.120.106
IP00084,211.77.179.71
IP00085,26.58.63.186
IP00086,171.122.126.219
IP00087,246.2.121.137
IP00088,173.220.10.148
IP00089,16.172.48.96
IP00090,81.139.244.222
IP00091,14.33.166.49
IP00092,199.64.223.55
IP00093,50.217.146.99
IP00094,233.65.176.254
IP00095,150.35.6.251
IP00096,58.110.200.250
IP00097,104.244.99.1
IP00098,149.44.70.253
IP00099,157.121.111.99
IP00100,199.200.216.79
IP00101,52.89.63.203
IP00102,255.64.166.194
IP00103,131.159.213.217
IP00104,157.24.142.48
IP00105,7.246.39.196
IP00106,72.158.104.190
IP00107,177.219.177.191
IP00108,162.201.224.41
IP00109,83.175.185.119
IP00110,47.106.237.108
IP00111,152.122.224.146
IP00112,150.244.145.201
IP00113,132.143.166.254
IP00114,130.157.120.212
IP00115,163.49.25.65
IP00116,136.33.125.216
IP00117,84.25.118.92
IP00118,8.166.58.232
IP00119,85.249.137.143
IP00120,140.74.46.118
IP00121,117.187.145.122
IP00122,37.175.184.160
IP00123,19.131.131.119
IP00124,167.166.137.195
IP00125,239.78.58.229
IP00126,43.84.203.189
IP00127,104.3.73.33
IP00128,114.250.231.197
IP00129,162.48.79.0
IP00130,219.21.186.120
IP00131,238.99.24.125
IP00132,4.131.0.193
IP00133,192.36.8.188
IP00134,230.182.121.113
IP00135,8.233.148.151
IP00136,208.15.25.202
IP00137,51.203.200.238
IP00138,111.62.12.122
IP00139,22.128.22.26
IP00140,108.89.11.93
IP00141,216.60.117.28
IP00142,132.67.51.40
IP00143,76.101.101.114
IP00144,254.103.153.137
IP00145,159.84.62.30
IP00146,175.105.109.229
IP00147,52.117.64.13
IP00148,70.200.179.160
IP00149,120.129.172.101
IP00150,165.198.69.123
IP00151,148.101.111.211
IP00152,21.76.237.75
IP00153,116.238.86.154
IP00154,185.211.230.222
IP00155,21.148.71.30
IP00156,152.193.177.149
IP00157,126.105.117.199
IP00158,249.38.19.183
IP00159,156.153.52.239
IP00160,127.59.115.59
IP00161,242.229.239.116
IP00162,111.86.15.240
IP00163,97.179.222.238
IP00164,255.66.115.211
IP00165,48.33.183.19
IP00166,142.69.107.208
IP00167,127.54.153.172
IP00168,34.84.169.221
IP00169,103.42.139.136
IP00170,146.141.82.181
IP00171,47.168.130.137
IP00172,119.146.226.189
IP00173,34.100.254.136
IP00174,125.251.218.137
IP00175,253.240.216.37
IP00176,186.206.91.134
IP00177,248.53.123.124
IP00178,80.228.149.71
IP00179,141.175.41.82
IP00180,186.148.77.148
IP00181,245.97.223.179
IP00182,88.100.151.174
IP00183,228.80.111.148
IP00184,93.126.70.65
IP00185,33.181.222.72
IP00186,104.162.154.24
IP00187,173.243.177.128
IP00188,135.50.5.203
IP00189,66.63.36.61
IP00190,54.100.221.188
IP00191,63.18.171.204
IP00192,210.58.235.60
IP00193,157.176.233.235
IP00194,213.9.108.187
IP00195,159.193.82.95
IP00196,46.90.228.249
IP00197,43.243.192.24
IP00198,37.152.89.61
IP00199,179.33.188.59
IP00200,42.112.220.136
IP00201,187.214.20.141
IP00202,43.247.43.202
IP00203,172.49.77.238
IP00204,150.182.187.186
IP00205,81.163.181.171
IP00206,230.206.47.152
IP00207,201.205.141.226
IP00208,213.219.186.60
IP00209,33.200.39.39
IP00210,33.87.107.224
IP00211,148.167.109.231
IP00212,54.191.70.195
IP00213,222.177.172.77
IP00214,212.207.128.184
IP00215,229.145.134.149
IP00216,226.187.85.173
IP00217,195.146.6.44
IP00218,27.100.232.26
IP00219,127.7.104.163
IP00220,172.129.108.188
IP00221,131.195.122.134
IP00222,61.201.139.55
IP00223,22.47.244.246
IP00224,33.206.152.185
IP00225,138.84.158.37
IP00226,97.179.249.164
IP00227,4.93.147.199
IP00228,71.62.135.50
IP00229,114.189.6.117
IP00230,109.134.64.202
IP00231,210.131.234.244
IP00232,250.119.199.126
IP00233,115.124.220.129
IP00234,175.24.89.158
IP00235,96.103.5.237
IP00236,188.34.213.106
IP00237,11.214.10.147
IP00238,226.47.157.17
IP00239,217.160.116.5
IP00240,224.146.250.160
IP00241,101.125.63.160
IP00242,209.206.122.96
IP00243,184.98.124.138
IP00244,198.25.148.131
IP00245,181.112.95.168
IP00246,86.24.44.43
IP00247,83.170.115.186
IP00248,116.146.133.91
IP00249,27.0.63.112
IP00250,161.53.212.88
IP00251,178.3.243.47
IP00252,41.1.50.28
IP00253,222.168.238.106
IP00254,198.226.250.193
IP00255,127.237.177.3
IP00256,154.172.54.161
IP00257,237.138.217.131
IP00258,176.140.53.42
IP00259,66.13.194.31
IP00260,228.90.168.169
IP00261,246.58.124.241
IP00262,73.118.235.228
IP00263,180.164.176.181
IP00264,208.67.71.218
IP00265,83.87.119.253
IP00266,221.158.20.99
IP00267,208.127.185.79
IP00268,248.150.31.204
IP00269,240.155.164.155
IP00270,129.106.0.133
IP00271,6.38.113.244
IP00272,132.63.246.141
IP00273,179.233.207.103
IP00274,20.145.25.142
IP00275,177.20.108.89
IP00276,112.122.48.75
IP00277,78.54.193.156
IP00278,135.116.159.133
IP00279,173.221.119.160
IP00280,55.123.73.156
IP00281,16.219.83.84
IP00282,1.160.219.222
IP00283,107.252.37.41
IP00284,48.109.70.10
IP00285,200.231.89.12
IP00286,239.64.99.209
IP00287,159.215.120.13
IP00288,36.160.140.49
IP00289,252.39.152.6
IP00290,255.108.66.229
IP00291,227.212.45.47
IP00292,113.113.93.42
IP00293,134.82.76.73
IP00294,65.164.16.71
IP00295,159.45.95.68
IP00296,160.233.120.154
IP00297,222.207.79.227
IP00298,247.228.61.252
IP00299,189.175.72.169
IP00300,107.65.173.143
IP00301,23.100.9.79
IP00302,58.140.76.100
IP00303,54.137.216.252
IP00304,223.134.130.153
IP00305,73.14.56.124
IP00306,79.215.222.132
IP00307,149.226.139.179
IP00308,227.249.94.188
IP00309,237.154.213.109
IP00310,148.17.236.229
IP00311,116.199.31.20
IP00312,247.215.236.19
IP00313,70.2.58.244
IP00314,229.253.88.187
IP00315,222.146.73.56
IP00316,76.148.166.170
IP00317,181.127.154.69
IP00318,30.202.168.19
IP00319,206.172.86.186
IP00320,86.180.89.206
IP00321,53.200.108.117
IP00322,135.185.219.91
IP00323,180.171.63.92
IP00324,198.77.229.219
IP00325,120.112.103.208
IP00326,235.97.154.253
IP00327,96.235.7.152
IP00328,169.66.124.65
IP00329,227.126.253.27
IP00330,13.106.136.88
IP00331,33.61.244.81
IP00332,164.207.84.237
IP00333,2.135.71.123
IP00334,76.214.142.177
IP00335,189.11.233.86
IP00336,27.27.96.59
IP00337,185.177.194.92
IP00338,120.55.207.159
IP00339,189.240.235.184
IP00340,136.18.56.59
IP00341,84.58.230.36
IP00342,155.188.182.171
IP00343,44.204.238.61
IP00344,146.134.201.187
IP00345,242.21.188.99
IP00346,156.163.115.111
IP00347,66.8.72.128
IP00348,245.105.59.137
IP00349,145.36.101.156
IP00350,37.174.104.252
IP00351,111.179.19.1
IP00352,108.62.227.132
IP00353,102.134.96.81
IP00354,90.47.217.61
IP00355,25.210.13.104
IP00356,108.157.245.198
IP00357,23.139.253.98
IP00358,92.206.152.56
IP00359,247.224.56.255
IP00360,86.126.110.234
IP00361,184.41.13.40
IP00362,114.156.92.91
IP00363,10.56.116.109
IP00364,222.158.85.143
IP00365,121.187.41.225
IP00366,95.10.130.84
IP00367,137.32.89.111
IP00368,250.197.82.14
IP00369,60.12.60.74
IP00370,249.216.225.193
IP00371,17.0.243.179
IP00372,232.39.177.53
IP00373,244.71.252.253
IP00374,7.223.24.216
IP00375,244.84.167.190
IP00376,20.219.251.216
IP00377,89.51.215.16
IP00378,251.165.219.229
IP00379,196.30.156.195
IP00380,119.89.213.181
IP00381,119.79.87.122
IP00382,185.120.186.163
IP00383,245.196.136.99
IP00384,36.188.100.2
IP00385,95.165.255.42
IP00386,195.167.5.221
IP00387,66.75.123.50
IP00388,62.169.110.90
IP00389,160.40.201.112
IP00390,103.204.47.106
IP00391,231.4.30.166
IP00392,90.38.133.89
IP00393,237.154.194.208
IP00394,229.184.36.176
IP00395,114.33.22.174
IP00396,101.232.109.172
IP00397,249.236.199.170
IP00398,38.11.86.115
IP00399,156.44.170.179
IP00400,68.199.247.204
IP00401,120.246.174.221
IP00402,99.65.225.183
IP00403,91.134.119.245
IP00404,61.113.141.102
IP00405,172.90.1.160
IP00406,187.23.141.0
IP00407,47.77.128.11
IP00408,162.178.67.225
IP00409,226.109.102.93
IP00410,247.250.232.50
IP00411,207.170.123.198
IP00412,127.95.88.147
IP00413,146.157.35.60
IP00414,97.123.153.139
IP00415,249.104.175.88
IP00416,173.148.235.207
IP00417,96.91.111.13
IP00418,102.11.186.12
IP00419,252.186.150.8
IP00420,107.121.222.183
IP00421,85.94.61.254
IP00422,242.139.68.83
IP00423,239.168.121.194
IP00424,121.254.30.99
IP00425,160.42.201.227
IP00426,230.231.27.17
IP00427,129.127.207.40
IP00428,116.94.206.88
IP00429,29.243.207.108
IP00430,207.23.64.174
IP00431,179.150.161.243
IP00432,50.238.240.123
IP00433,134.233.177.38
IP00434,128.19.107.92
IP00435,97.94.33.118
IP00436,120.222.6.181
IP00437,163.179.190.45
IP00438,101.11.114.95
IP00439,62.231.51.202
IP00440,68.55.117.129
IP00441,244.88.245.37
IP00442,231.237.179.162
IP00443,202.50.144.228
IP00444,193.24.217.124
IP00445,192.85.135.84
IP00446,110.72.202.87
IP00447,217.35.238.197
IP00448,80.164.67.149
IP00449,192.26.133.180
IP00450,190.206.228.79
IP00451,123.164.246.47
IP00452,153.186.52.82
IP00453,96.188.141.90
IP00454,13.163.195.142
IP00455,117.5.217.109
IP00456,194.146.6.130
IP00457,26.63.48.43
IP00458,162.24.88.206
IP00459,100.128.92.114
IP00460,23.15.243.181
IP00461,202.54.218.166
IP00462,40.224.207.108
IP00463,194.103.233.132
IP00464,53.198.138.22
IP00465,186.148.90.37
IP00466,123.83.176.120
IP00467,124.64.110.170
IP00468,175.0.229.216
IP00469,151.179.207.239
IP00470,84.182.247.67
IP00471,165.132.193.236
IP00472,173.99.125.38
IP00473,25.183.28.203
IP00474,113.33.233.195
IP00475,135.94.168.156
IP00476,3.112.156.88
IP00477,198.53.113.163
IP00478,68.47.201.236
IP00479,142.91.9.112
IP00480,216.163.127.70
IP00481,149.135.138.214
IP00482,27.162.210.39
IP00483,76.116.22.203
IP00484,37.6.36.3
IP00485,73.103.90.248
IP00486,234.227.236.76
IP00487,242.206.143.200
IP00488,145.176.169.124
IP00489,187.156.107.121
IP00490,130.23.197.199
IP00491,74.110.151.80
IP00492,4.51.144.79
IP00493,139.238.88.165
IP00494,237.15.91.7
IP00495,216.26.89.242
IP00496,107.74.199.95
IP00497,49.210.243.103
IP00498,126.244.117.241
IP00499,20.247.39.91
IP00500,72.116.127.209
IP00501,156.92.99.82
IP00502,76.208.12.161
IP00503,206.148.212.107
IP00504,235.202.72.188
IP00505,49.188.15.180
IP00506,147.98.90.220
IP00507,78.161.58.152
IP00508,3.158.32.117
IP00509,170.111.241.42
IP00510,118.200.18.117
IP00511,12.170.238.227
IP00512,197.214.114.123
IP00513,142.187.5.58
IP00514,53.45.140.221
IP00515,250.142.53.8
IP00516,200.224.75.125
IP00517,13.189.239.7
IP00518,87.56.151.65
IP00519,46.176.3.250
IP00520,208.42.234.225
IP00521,153.194.133.195
IP00522,253.240.248.22
IP00523,64.4.75.84
IP00524,97.200.47.115
IP00525,101.78.107.133
IP00526,184.132.221.199
IP00527,174.145.148.61
IP00528,31.27.10.157
IP00529,202.255.253.23
IP00530,172.23.181.63
IP00531,213.82.111.230
IP00532,63.49.236.7
IP00533,15.218.182.9
IP00534,204.35.33.21
IP00535,225.207.86.0
IP00536,241.220.189.176
IP00537,148.84.165.115
IP00538,73.114.5.109
IP00539,213.169.46.9
IP00540,74.75.245.33
IP00541,170.247.127.221
IP00542,180.74.13.83
IP00543,9.172.100.59
IP00544,141.54.68.168
IP00545,207.35.113.7
IP00546,137.93.247.177
IP00547,152.107.110.168
IP00548,119.121.12.181
IP00549,110.56.55.111
IP00550,191.144.255.156
IP00551,20.88.163.0
IP00552,145.162.169.78
IP00553,220.170.19.174
IP00554,79.221.164.227
IP00555,7.228.189.33
IP00556,148.172.251.165
IP00557,40.165.86.212
IP00558,51.51.176.221
IP00559,239.170.255.57
IP00560,202.38.51.72
IP00561,62.214.192.159
IP00562,207.247.138.84
IP00563,203.231.116.152
IP00564,175.204.69.41
IP00565,124.132.181.10
IP00566,107.76.91.167
IP00567,54.19.142.88
IP00568,165.255.241.71
IP00569,192.81.162.108
IP00570,217.11.177.12
IP00571,186.234.57.80
IP00572,49.13.75.44
IP00573,141.154.110.129
IP00574,242.181.121.122
IP00575,150.254.243.127
IP00576,139.176.15.185
IP00577,1.40.130.165
IP00578,163.79.57.196
IP00579,207.158.252.59
IP00580,150.58.215.138
IP00581,32.190.180.87
IP00582,141.208.185.140
IP00583,140.122.59.73
IP00584,53.158.219.151
IP00585,230.197.51.133
IP00586,146.97.86.157
IP00587,152.137.2.153
IP00588,167.113.52.241
IP00589,163.68.34.90
IP00590,183.123.174.62
IP00591,193.206.61.230
IP00592,13.84.80.151
IP00593,223.232.28.241
IP00594,23.157.237.13
IP00595,176.130.77.128
IP00596,61.5.158.155
IP00597,92.247.246.203
IP00598,134.68.143.144
IP00599,196.26.129.84
IP00600,57.92.61.236
IP00601,238.150.153.32
IP00602,142.118.188.81
IP00603,178.73.171.191
IP00604,244.232.53.199
IP00605,176.30.111.121
IP00606,86.0.63.95
IP00607,97.65.132.104
IP00608,184.48.111.181
IP00609,216.68.127.46
IP00610,81.192.97.17
IP00611,44.189.30.216
IP00612,249.74.225.35
IP00613,69.22.108.7
IP00614,5.17.200.116
IP00615,65.217.88.62
IP00616,63.169.246.31
IP00617,216.173.171.127
IP00618,101.32.18.254
IP00619,99.7.150.86
IP00620,59.72.220.247
IP00621,3.132.65.226
IP00622,224.150.1.0
IP00623,119.29.59.67
IP00624,150.158.81.190
IP00625,177.15.26.254
IP00626,187.4.176.233
IP00627,67.102.244.204
IP00628,86.201.36.7
IP00629,198.253.240.91
IP00630,13.17.244.36
IP00631,148.94.105.3
IP00632,187.219.179.207
IP00633,39.5.247.15
IP00634,72.173.16.239
IP00635,141.235.220.130
IP00636,120.20.235.28
IP00637,186.125.4.55
IP00638,255.39.231.94
IP00639,238.125.12.96
IP00640,37.170.0.223
IP00641,76.83.165.49
IP00642,153.114.182.12
IP00643,254.239.92.188
IP00644,248.219.114.89
IP00645,161.163.229.70
IP00646,23.209.192.104
IP00647,195.159.52.124
IP00648,74.109.4.205
IP00649,28.223.112.173
IP00650,101.194.16.113
IP00651,32.97.65.129
IP00652,200.227.184.199
IP00653,190.222.199.132
IP00654,193.160.103.6
IP00655,213.112.199.233
IP00656,178.64.41.144
IP00657,24.206.170.144
IP00658,154.144.40.231
IP00659,103.214.42.79
IP00660,152.112.136.37
IP00661,174.64.43.27
IP00662,212.109.188.206
IP00663,96.121.117.246
IP00664,37.240.127.60
IP00665,134.100.138.17
IP00666,252.148.20.27
IP00667,153.206.214.29
IP00668,107.41.109.74
IP00669,30.26.177.113
IP00670,75.148.213.213
IP00671,102.132.147.72
IP00672,1.114.3.238
IP00673,98.55.34.126
IP00674,159.237.51.104
IP00675,15.226.131.178
IP00676,147.194.214.184
IP00677,102.133.244.146
IP00678,243.139.57.8
IP00679,68.26.26.11
IP00680,32.147.9.150
IP00681,82.1.93.60
IP00682,168.203.163.49
IP00683,64.215.26.28
IP00684,109.66.84.232
IP00685,32.98.202.181
IP00686,220.219.105.22
IP00687,74.233.231.56
IP00688,67.117.52.100
IP00689,56.12.48.176
IP00690,231.240.106.77
IP00691,243.135.227.142
IP00692,212.33.14.12
IP00693,38.53.8.154
IP00694,163.223.41.193
IP00695,230.179.151.11
IP00696,32.101.220.103
IP00697,204.108.21.88
IP00698,35.89.84.44
IP00699,172.69.7.127
IP00700,228.220.156.214
IP00701,128.198.210.58
IP00702,255.152.102.70
IP00703,186.77.80.1
IP00704,214.111.148.193
IP00705,184.5.204.155
IP00706,160.4.198.193
IP00707,173.191.123.24
IP00708,233.79.252.112
IP00709,64.235.106.239
IP00710,112.179.238.199
IP00711,187.191.172.74
IP00712,192.217.244.141
IP00713,211.189.236.242
IP00714,101.223.58.82
IP00715,175.75.231.96
IP00716,49.36.179.35
IP00717,42.90.76.218
IP00718,183.231.62.44
IP00719,46.49.233.151
IP00720,25.192.237.126
IP00721,98.53.231.99
IP00722,238.166.142.204
IP00723,210.98.182.232
IP00724,170.241.133.154
IP00725,207.77.180.24
IP00726,95.168.206.79
IP00727,30.81.188.94
IP00728,65.124.216.45
IP00729,215.253.79.191
IP00730,84.178.11.147
IP00731,49.20.165.88
IP00732,200.54.117.92
IP00733,153.116.192.27
IP00734,200.134.49.194
IP00735,78.21.195.81
IP00736,54.44.114.222
IP00737,105.134.32.247
IP00738,167.7.106.5
IP00739,17.32.172.83
IP00740,255.44.163.48
IP00741,223.189.163.76
IP00742,81.145.193.187
IP00743,153.22.16.7
IP00744,129.81.225.124
IP00745,7.111.76.79
IP00746,37.36.220.33
IP00747,100.158.242.131
IP00748,65.151.150.116
IP00749,91.115.2.152
IP00750,206.117.92.254
IP00751,83.175.84.113
IP00752,248.251.176.197
IP00753,30.138.210.106
IP00754,16.142.229.31
IP00755,133.102.27.160
IP00756,147.125.14.94
IP00757,124.102.242.163
IP00758,86.197.65.166
IP00759,186.36.138.145
IP00760,170.16.245.127
IP00761,225.58.138.7
IP00762,199.70.42.19
IP00763,159.212.110.231
IP00764,62.235.140.124
IP00765,42.103.115.245
IP00766,42.99.188.198
IP00767,74.217.13.94
IP00768,195.86.118.223
IP00769,100.217.118.145
IP00770,214.98.232.223
IP00771,235.36.199.83
IP00772,247.88.17.13
IP00773,46.103.176.234
IP00774,142.248.161.103
IP00775,170.24.8.28
IP00776,227.111.203.112
IP00777,207.155.38.66
IP00778,99.66.227.42
IP00779,223.83.136.123
IP00780,238.191.55.69
IP00781,241.91.138.168
IP00782,126.118.59.5
IP00783,196.131.192.209
IP00784,47.81.76.142
IP00785,204.61.136.244
IP00786,27.130.86.246
IP00787,125.107.0.64
IP00788,1.93.167.171
IP00789,22.112.211.176
IP00790,195.130.24.200
IP00791,3.51.44.123
IP00792,245.177.92.80
IP00793,43.178.23.211
IP00794,36.113.193.100
IP00795,158.255.185.78
IP00796,104.77.136.53
IP00797,203.165.61.70
IP00798,153.78.226.108
IP00799,147.56.121.132
IP00800,213.123.131.116
IP00801,168.95.199.91
IP00802,44.46.116.82
IP00803,254.236.33.76
IP00804,139.63.178.237
IP00805,33.49.162.173
IP00806,55.182.18.62
IP00807,45.222.74.231
IP00808,19.81.219.244
IP00809,52.233.54.164
IP00810,64.20.25.71
IP00811,5.104.62.52
IP00812,244.66.63.72
IP00813,252.2.225.215
IP00814,86.160.161.157
IP00815,129.167.81.140
IP00816,45.165.42.69
IP00817,111.37.113.150
IP00818,53.58.220.245
IP00819,188.204.8.32
IP00820,189.26.27.114
IP00821,79.163.145.128
IP00822,207.88.236.59
IP00823,250.249.186.239
IP00824,229.157.220.253
IP00825,123.75.154.128
IP00826,112.48.232.93
IP00827,139.7.52.23
IP00828,218.207.142.203
IP00829,248.17.237.16
IP00830,215.8.88.136
IP00831,95.205.191.51
IP00832,142.37.15.112
IP00833,147.122.121.254
IP00834,222.184.150.111
IP00835,225.208.156.25
IP00836,126.245.112.237
IP00837,19.42.220.57
IP00838,226.212.58.111
IP00839,72.109.119.88
IP00840,211.150.208.142
IP00841,109.35.108.181
IP00842,1.151.82.59
IP00843,77.175.125.203
IP00844,190.40.119.181
IP00845,241.75.232.203
IP00846,155.124.188.205
IP00847,163.242.251.159
IP00848,144.195.158.185
IP00849,64.151.144.73
IP00850,136.250.169.177
IP00851,218.196.7.16
IP00852,136.146.89.101
IP00853,14.251.148.184
IP00854,104.137.14.133
IP00855,66.204.115.90
IP00856,210.39.173.220
IP00857,135.40.151.61
IP00858,28.100.32.207
IP00859,157.29.164.124
IP00860,217.78.104.250
IP00861,202.184.247.61
IP00862,146.101.222.223
IP00863,101.109.8.148
IP00864,215.111.81.157
IP00865,203.43.197.130
IP00866,96.18.191.7
IP00867,230.190.214.104
IP00868,226.94.82.220
IP00869,122.128.120.191
IP00870,207.119.101.15
IP00871,245.46.223.156
IP00872,158.193.121.185
IP00873,237.147.116.41
IP00874,239.170.42.63
IP00875,161.101.228.193
IP00876,218.88.200.39
IP00877,125.1.254.46
IP00878,87.178.46.155
IP00879,119.109.159.195
IP00880,32.96.110.18
IP00881,124.102.198.236
IP00882,45.226.135.225
IP00883,186.248.67.6
IP00884,177.122.247.125
IP00885,83.38.201.243
IP00886,199.202.20.161
IP00887,237.219.41.141
IP00888,228.137.217.89
IP00889,225.237.87.0
IP00890,177.47.47.246
IP00891,83.236.238.146
IP00892,254.70.195.64
IP00893,82.89.109.108
IP00894,1.5.244.239
IP00895,245.133.101.219
IP00896,141.101.160.5
IP00897,96.150.249.168
IP00898,77.207.172.67
IP00899,61.4.8.40
IP00900,90.45.239.252
IP00901,173.103.101.224
IP00902,170.80.105.32
IP00903,15.98.119.144
IP00904,242.91.108.45
IP00905,47.128.62.50
IP00906,72.158.50.233
IP00907,175.30.69.5
IP00908,252.12.5.249
IP00909,71.210.3.202
IP00910,182.209.44.246
IP00911,195.145.66.163
IP00912,177.179.225.52
IP00913,128.85.151.49
IP00914,14.93.231.31
IP00915,73.6.164.63
IP00916,16.61.29.244
IP00917,6.189.206.201
IP00918,188.137.55.108
IP00919,47.37.236.132
IP00920,39.161.113.139
IP00921,78.72.92.5
IP00922,187.54.11.193
IP00923,182.50.49.85
IP00924,100.121.158.16
IP00925,1.77.24.1
IP00926,186.82.177.40
IP00927,160.118.145.254
IP00928,65.165.225.195
IP00929,66.220.24.68
IP00930,45.160.94.134
IP00931,47.38.159.220
IP00932,153.49.16.141
IP00933,159.83.243.29
IP00934,234.138.110.183
IP00935,81.92.133.211
IP00936,246.58.217.198
IP00937,158.213.237.198
IP00938,130.247.139.15
IP00939,125.248.223.134
IP00940,226.250.21.66
IP00941,184.203.132.47
IP00942,189.34.10.146
IP00943,15.163.191.54
IP00944,152.118.168.249
IP00945,98.32.132.182
IP00946,238.185.47.38
IP00947,209.62.132.149
IP00948,247.250.139.63
IP00949,212.35.32.0
IP00950,164.17.150.248
IP00951,17.9.66.87
IP00952,148.128.105.121
IP00953,82.68.227.42
IP00954,246.0.131.219
IP00955,138.210.124.127
IP00956,167.237.17.86
IP00957,19.29.146.20
IP00958,251.126.147.16
IP00959,211.81.243.187
IP00960,161.43.94.134
IP00961,104.112.255.187
IP00962,75.156.130.79
IP00963,154.155.131.53
IP00964,13.27.12.189
IP00965,34.155.23.103
IP00966,209.204.225.30
IP00967,229.189.25.135
IP00968,180.40.234.149
IP00969,186.21.168.166
IP00970,36.28.61.118
IP00971,139.76.248.113
IP00972,165.121.4.179
IP00973,45.183.37.112
IP00974,131.247.96.251
IP00975,174.114.9.247
IP00976,18.26.57.62
IP00977,29.182.242.35
IP00978,27.252.167.19
IP00979,89.4.218.143
IP00980,51.51.125.118
IP00981,23.87.236.85
IP00982,155.62.158.162
IP00983,47.165.212.4
IP00984,173.142.199.85
IP00985,64.26.88.94
IP00986,96.58.92.18
IP00987,243.0.83.30
IP00988,218.174.109.244
IP00989,86.239.163.91
IP00990,50.135.171.89
IP00991,52.158.154.100
IP00992,60.128.132.220
IP00993,72.14.220.9
IP00994,171.73.112.157
IP00995,126.73.128.106
IP00996,48.183.141.12
IP00997,63.65.103.99
IP00998,224.216.169.169
IP00999,144.233.23.3
