id,name,followers_count,following_count,account_creation_date,is_verified,activity_score
SU00000,SocialUser0,265,74,2016-03-05T12:04:46.113612,False,21.1957863320828
SU00001,SocialUser1,901,52,2023-11-17T12:04:46.113639,True,65.29242119253873
SU00002,SocialUser2,752,49,2017-06-20T12:04:46.113649,True,26.99393869478629
SU00003,SocialUser3,934,84,2023-08-13T12:04:46.113655,False,40.898579308211104
SU00004,SocialUser4,608,76,2020-07-13T12:04:46.113660,True,25.78847747710461
SU00005,SocialUser5,545,34,2018-04-07T12:04:46.113665,False,65.12519566820913
SU00006,SocialUser6,676,77,2022-04-16T12:04:46.113670,True,98.68317035333342
SU00007,SocialUser7,449,41,2018-03-25T12:04:46.113676,True,96.20152302745237
SU00008,SocialUser8,47,9,2017-09-21T12:04:46.113683,False,14.195492723655423
SU00009,SocialUser9,294,53,2020-01-20T12:04:46.113688,False,85.27623999745323
SU00010,SocialUser10,262,83,2019-04-02T12:04:46.113693,True,60.733932214428506
SU00011,SocialUser11,885,9,2018-11-29T12:04:46.113697,False,95.57516307732563
SU00012,SocialUser12,393,30,2017-11-22T12:04:46.113702,False,52.44706685240514
SU00013,SocialUser13,723,99,2015-09-21T12:04:46.113706,True,60.84602985196661
SU00014,SocialUser14,625,13,2017-06-21T12:04:46.113710,False,1.4224118195761304
SU00015,SocialUser15,948,49,2024-02-10T12:04:46.113717,True,31.234197104237303
SU00016,SocialUser16,334,22,2019-10-18T12:04:46.113722,True,19.598003846069545
SU00017,SocialUser17,592,36,2019-05-21T12:04:46.113727,False,85.29021050438568
SU00018,SocialUser18,954,74,2017-12-07T12:04:46.113732,True,55.00791192275162
SU00019,SocialUser19,707,100,2017-01-11T12:04:46.113736,False,15.340933632637876
SU00020,SocialUser20,689,2,2018-06-25T12:04:46.113740,False,59.34663767851085
SU00021,SocialUser21,152,96,2024-04-14T12:04:46.113744,False,4.061106470335208
SU00022,SocialUser22,969,53,2020-12-18T12:04:46.113749,False,68.18235768913856
SU00023,SocialUser23,690,97,2020-09-14T12:04:46.113753,False,85.02953629059714
SU00024,SocialUser24,990,58,2021-01-26T12:04:46.113757,True,93.17189031761987
SU00025,SocialUser25,586,38,2021-03-06T12:04:46.113762,False,51.66669824782307
SU00026,SocialUser26,619,29,2016-12-08T12:04:46.113766,False,33.81149764136578
SU00027,SocialUser27,851,7,2023-01-09T12:04:46.113770,False,68.18449899592122
SU00028,SocialUser28,36,27,2015-03-15T12:04:46.113774,False,97.75693362461648
SU00029,SocialUser29,28,22,2023-11-30T12:04:46.113778,False,50.704091138759786
SU00030,SocialUser30,242,24,2020-02-09T12:04:46.113782,True,73.40847272362254
SU00031,SocialUser31,56,71,2019-07-21T12:04:46.113786,False,1.4637947410870766
SU00032,SocialUser32,127,31,2023-08-13T12:04:46.113791,True,24.444710616409903
SU00033,SocialUser33,167,32,2018-08-02T12:04:46.113795,True,31.004769735167194
SU00034,SocialUser34,987,77,2024-05-19T12:04:46.113801,False,85.3661138131211
SU00035,SocialUser35,608,49,2016-01-26T12:04:46.113806,False,29.94900370342143
SU00036,SocialUser36,920,3,2022-01-04T12:04:46.113811,True,44.05761152196085
SU00037,SocialUser37,386,68,2022-01-31T12:04:46.113817,True,40.589723611565795
SU00038,SocialUser38,207,36,2018-03-15T12:04:46.113821,True,44.249989882103
SU00039,SocialUser39,756,18,2016-11-07T12:04:46.113825,True,15.15898183815172
SU00040,SocialUser40,918,11,2016-04-30T12:04:46.113830,True,84.62539003362298
SU00041,SocialUser41,417,86,2021-06-23T12:04:46.113834,True,49.710382621061854
SU00042,SocialUser42,199,44,2016-10-30T12:04:46.113838,False,80.3676140527589
SU00043,SocialUser43,518,57,2019-12-20T12:04:46.113842,True,86.48350051200418
SU00044,SocialUser44,300,58,2020-12-10T12:04:46.113847,True,97.96578034899537
SU00045,SocialUser45,553,26,2017-01-10T12:04:46.113851,True,83.72294378233511
SU00046,SocialUser46,874,19,2017-02-17T12:04:46.113855,False,93.92680623192703
SU00047,SocialUser47,207,28,2020-03-24T12:04:46.113859,True,60.41564248119231
SU00048,SocialUser48,711,64,2017-11-06T12:04:46.113865,True,54.012551779329556
SU00049,SocialUser49,175,4,2023-03-13T12:04:46.113870,True,75.62522816968853
SU00050,SocialUser50,956,60,2024-04-03T12:04:46.113874,True,49.43444559305515
SU00051,SocialUser51,119,29,2017-11-04T12:04:46.113878,True,53.444066368372326
SU00052,SocialUser52,518,6,2017-10-11T12:04:46.113883,True,52.38838731582154
SU00053,SocialUser53,758,61,2016-04-28T12:04:46.113887,True,25.42817789874121
SU00054,SocialUser54,969,71,2020-07-30T12:04:46.113893,False,46.81903003334688
SU00055,SocialUser55,750,64,2020-04-26T12:04:46.113898,False,79.57335848207269
SU00056,SocialUser56,383,88,2020-06-12T12:04:46.113902,False,35.029962519491065
SU00057,SocialUser57,24,49,2022-07-02T12:04:46.113906,False,86.40195515292484
SU00058,SocialUser58,68,67,2022-10-03T12:04:46.113912,False,88.43778402970034
SU00059,SocialUser59,569,66,2017-08-27T12:04:46.113916,False,42.24909858479883
SU00060,SocialUser60,392,48,2018-11-20T12:04:46.113921,True,72.22254608002035
SU00061,SocialUser61,627,1,2018-11-21T12:04:46.113925,False,17.88842001381572
SU00062,SocialUser62,123,70,2015-09-26T12:04:46.113929,False,54.740014652751746
SU00063,SocialUser63,660,70,2023-02-11T12:04:46.113933,False,20.61181433098591
SU00064,SocialUser64,830,72,2019-08-26T12:04:46.113937,True,93.22976112793891
SU00065,SocialUser65,191,28,2022-07-01T12:04:46.113942,False,30.489878696471695
SU00066,SocialUser66,910,52,2021-08-17T12:04:46.113946,False,66.30045414463115
SU00067,SocialUser67,831,15,2022-01-19T12:04:46.113950,False,40.297644692048664
SU00068,SocialUser68,790,19,2021-08-30T12:04:46.113954,True,64.97598319329482
SU00069,SocialUser69,945,51,2018-10-30T12:04:46.113959,False,18.484813396944144
SU00070,SocialUser70,275,89,2020-01-20T12:04:46.113963,False,10.64537046366667
SU00071,SocialUser71,736,31,2022-06-21T12:04:46.113967,False,85.22044193455835
SU00072,SocialUser72,196,97,2024-01-24T12:04:46.113971,True,45.14425971997484
SU00073,SocialUser73,135,97,2017-12-16T12:04:46.113977,False,97.13017822036113
SU00074,SocialUser74,245,54,2023-01-23T12:04:46.113981,False,6.883372420132594
SU00075,SocialUser75,661,38,2019-06-18T12:04:46.113986,True,25.216203818302173
SU00076,SocialUser76,530,38,2020-05-20T12:04:46.113990,False,80.82881624625983
SU00077,SocialUser77,853,22,2024-09-08T12:04:46.113995,True,37.4171805657492
SU00078,SocialUser78,405,13,2017-10-11T12:04:46.113999,False,73.66145387135705
SU00079,SocialUser79,106,92,2015-01-11T12:04:46.114003,False,5.627169247501951
SU00080,SocialUser80,725,20,2016-07-13T12:04:46.114009,True,27.879450383919558
SU00081,SocialUser81,178,53,2016-07-15T12:04:46.114013,True,35.95598029500474
SU00082,SocialUser82,772,93,2021-05-11T12:04:46.114018,True,60.761538814710846
SU00083,SocialUser83,274,5,2017-08-20T12:04:46.114024,True,33.45414128074224
SU00084,SocialUser84,881,36,2015-06-21T12:04:46.114028,False,35.57806797575811
SU00085,SocialUser85,954,81,2020-02-06T12:04:46.114033,False,84.2594657176774
SU00086,SocialUser86,135,75,2023-11-22T12:04:46.114037,True,60.87272413017644
SU00087,SocialUser87,428,59,2014-10-23T12:04:46.114041,False,10.634419988493294
SU00088,SocialUser88,563,59,2020-05-12T12:04:46.114045,False,75.90891222020583
SU00089,SocialUser89,986,36,2018-08-10T12:04:46.114049,True,0.0838287894252443
SU00090,SocialUser90,768,2,2016-10-11T12:04:46.114054,True,29.722382288834805
SU00091,SocialUser91,880,60,2019-03-08T12:04:46.114058,False,64.56825299332736
SU00092,SocialUser92,958,16,2015-12-14T12:04:46.114062,True,84.45209034500978
SU00093,SocialUser93,861,97,2016-10-05T12:04:46.114068,True,98.80372110974399
SU00094,SocialUser94,672,20,2015-06-16T12:04:46.114072,False,39.18294437543406
SU00095,SocialUser95,27,54,2014-11-28T12:04:46.114076,False,87.6055729793216
SU00096,SocialUser96,901,52,2018-06-27T12:04:46.114081,True,79.51402442434672
SU00097,SocialUser97,880,68,2019-08-19T12:04:46.114085,True,58.68777686182561
SU00098,SocialUser98,197,51,2015-05-03T12:04:46.114089,True,95.71758679598236
SU00099,SocialUser99,166,90,2020-02-27T12:04:46.114093,False,27.90491591954587
SU00100,SocialUser100,63,81,2023-07-03T12:04:46.114098,False,29.541017588269213
SU00101,SocialUser101,857,89,2018-01-04T12:04:46.114104,False,84.82801453090165
SU00102,SocialUser102,55,34,2024-06-21T12:04:46.114108,False,87.36648319731883
SU00103,SocialUser103,316,4,2021-11-03T12:04:46.114113,False,4.166409238047308
SU00104,SocialUser104,563,30,2015-06-22T12:04:46.114117,False,15.620295678934482
SU00105,SocialUser105,322,42,2017-03-16T12:04:46.114121,True,71.79703058638424
SU00106,SocialUser106,9,37,2021-05-28T12:04:46.114126,False,13.727794193002318
SU00107,SocialUser107,740,52,2024-02-15T12:04:46.114130,True,62.06665539970763
SU00108,SocialUser108,205,65,2019-02-19T12:04:46.114134,True,75.82039366151324
SU00109,SocialUser109,755,10,2018-08-03T12:04:46.114139,False,77.416863355472
SU00110,SocialUser110,369,57,2015-03-03T12:04:46.114143,True,26.347022044535684
SU00111,SocialUser111,943,58,2016-12-24T12:04:46.114147,False,14.731171994448234
SU00112,SocialUser112,984,71,2021-10-16T12:04:46.114154,False,3.9608885495511448
SU00113,SocialUser113,568,16,2016-05-04T12:04:46.114158,False,19.169913484072065
SU00114,SocialUser114,75,29,2019-04-01T12:04:46.114162,True,80.80695735255385
SU00115,SocialUser115,936,64,2019-10-08T12:04:46.114166,True,55.84027024491712
SU00116,SocialUser116,700,61,2024-02-22T12:04:46.114170,False,19.497281072008143
SU00117,SocialUser117,833,4,2020-08-04T12:04:46.114174,True,90.62686402801495
SU00118,SocialUser118,876,44,2023-05-18T12:04:46.114178,True,18.679121380823325
SU00119,SocialUser119,238,93,2016-07-13T12:04:46.114183,True,85.15035792519602
SU00120,SocialUser120,878,69,2016-03-19T12:04:46.114187,True,8.430918831435541
SU00121,SocialUser121,160,31,2016-12-06T12:04:46.114191,False,77.55218228580733
SU00122,SocialUser122,706,25,2017-01-21T12:04:46.114197,False,54.99552747577351
SU00123,SocialUser123,268,53,2018-12-31T12:04:46.114203,True,87.47387721401726
SU00124,SocialUser124,39,61,2017-12-31T12:04:46.114207,True,83.15680023350113
SU00125,SocialUser125,371,13,2024-08-15T12:04:46.114211,False,73.39538013718774
SU00126,SocialUser126,852,97,2024-10-01T12:04:46.114216,True,6.353401307019125
SU00127,SocialUser127,133,47,2017-01-25T12:04:46.114220,True,62.44284589801187
SU00128,SocialUser128,448,0,2020-09-14T12:04:46.114224,False,85.95802014693491
SU00129,SocialUser129,387,48,2017-09-24T12:04:46.114229,False,24.571043129650405
SU00130,SocialUser130,867,73,2015-09-20T12:04:46.114233,True,81.46395384396251
SU00131,SocialUser131,610,44,2018-12-28T12:04:46.114237,True,83.380457540602
SU00132,SocialUser132,18,54,2021-05-16T12:04:46.114243,False,43.37954750088512
SU00133,SocialUser133,325,42,2022-07-14T12:04:46.114247,False,59.86789738959575
SU00134,SocialUser134,504,63,2016-04-24T12:04:46.114253,False,95.19940496486231
SU00135,SocialUser135,862,6,2020-03-16T12:04:46.114257,True,98.54468266032245
SU00136,SocialUser136,801,4,2020-12-12T12:04:46.114261,True,72.72977208469116
SU00137,SocialUser137,852,86,2022-12-07T12:04:46.114266,True,1.3971002253647336
SU00138,SocialUser138,877,64,2022-05-04T12:04:46.114270,True,18.82660009759721
SU00139,SocialUser139,532,27,2021-01-22T12:04:46.114274,True,60.46189389027771
SU00140,SocialUser140,977,5,2023-08-29T12:04:46.114278,False,87.81985186826992
SU00141,SocialUser141,5,47,2017-10-29T12:04:46.114282,False,51.25713568519957
SU00142,SocialUser142,6,37,2019-04-05T12:04:46.114286,True,29.925763933674343
SU00143,SocialUser143,54,89,2020-05-10T12:04:46.114292,True,80.55681905956517
SU00144,SocialUser144,199,11,2021-06-05T12:04:46.114296,False,84.48837878442826
SU00145,SocialUser145,237,29,2024-07-12T12:04:46.114300,False,65.17732436052538
SU00146,SocialUser146,316,1,2016-05-25T12:04:46.114305,False,70.16730974175736
SU00147,SocialUser147,208,10,2016-02-13T12:04:46.114309,True,82.30184349484848
SU00148,SocialUser148,190,30,2024-05-22T12:04:46.114313,True,69.02391717234262
SU00149,SocialUser149,742,40,2015-04-01T12:04:46.114317,True,34.55473465838453
SU00150,SocialUser150,651,85,2015-07-17T12:04:46.114321,True,97.92158580945099
SU00151,SocialUser151,80,27,2021-10-01T12:04:46.114327,True,55.530904376232435
SU00152,SocialUser152,670,76,2018-12-11T12:04:46.114332,False,42.74372666197065
SU00153,SocialUser153,195,1,2018-05-29T12:04:46.114336,True,68.47896412530415
SU00154,SocialUser154,475,26,2020-08-07T12:04:46.114340,True,10.011946440180196
SU00155,SocialUser155,72,86,2020-01-11T12:04:46.114344,True,89.12969670309808
SU00156,SocialUser156,586,66,2024-05-27T12:04:46.114348,True,48.58144405936652
SU00157,SocialUser157,477,27,2023-05-04T12:04:46.114353,False,24.855535803134742
SU00158,SocialUser158,241,18,2017-10-13T12:04:46.114357,True,34.05443775478295
SU00159,SocialUser159,798,34,2021-05-06T12:04:46.114361,False,7.573805908432973
SU00160,SocialUser160,352,48,2015-05-25T12:04:46.114365,True,71.77430450940521
SU00161,SocialUser161,426,42,2017-01-03T12:04:46.114369,False,45.927954268260095
SU00162,SocialUser162,44,69,2024-04-30T12:04:46.114373,True,37.12345451137262
SU00163,SocialUser163,283,44,2022-02-25T12:04:46.114378,True,11.719875429963677
SU00164,SocialUser164,86,46,2015-02-03T12:04:46.114382,False,69.9139994547163
SU00165,SocialUser165,235,2,2020-01-29T12:04:46.114387,False,71.00495662252177
SU00166,SocialUser166,378,73,2019-03-30T12:04:46.114391,False,29.39944684212642
SU00167,SocialUser167,829,88,2018-08-14T12:04:46.114396,False,56.45411539595481
SU00168,SocialUser168,906,40,2023-12-20T12:04:46.114401,True,97.70911415849055
SU00169,SocialUser169,56,47,2015-03-25T12:04:46.114405,True,55.45683355335617
SU00170,SocialUser170,356,74,2018-02-06T12:04:46.114409,False,69.81166757227813
SU00171,SocialUser171,720,77,2020-12-22T12:04:46.114415,False,54.645553006438284
SU00172,SocialUser172,72,62,2023-03-10T12:04:46.114419,True,51.83163423883082
SU00173,SocialUser173,801,26,2016-01-21T12:04:46.114424,True,84.52558938485237
SU00174,SocialUser174,159,32,2020-06-28T12:04:46.114428,True,27.40534343099309
SU00175,SocialUser175,63,51,2017-11-30T12:04:46.114432,False,90.095037062501
SU00176,SocialUser176,292,24,2017-06-15T12:04:46.114436,True,48.240620880005416
SU00177,SocialUser177,313,73,2022-05-12T12:04:46.114440,True,36.392181935135824
SU00178,SocialUser178,239,4,2022-11-09T12:04:46.114445,True,66.77148385674933
SU00179,SocialUser179,634,84,2018-09-13T12:04:46.114449,True,54.31889736957923
SU00180,SocialUser180,591,26,2018-06-02T12:04:46.114453,False,99.125677586228
SU00181,SocialUser181,82,47,2021-07-22T12:04:46.114457,True,25.144768902720692
SU00182,SocialUser182,637,23,2022-12-07T12:04:46.114461,False,42.33978499205019
SU00183,SocialUser183,242,64,2014-12-19T12:04:46.114465,False,31.052462959645432
SU00184,SocialUser184,735,80,2016-11-21T12:04:46.114470,True,30.151378120545015
SU00185,SocialUser185,343,28,2022-07-12T12:04:46.114475,True,44.33802592009417
SU00186,SocialUser186,432,96,2015-02-15T12:04:46.114481,True,14.332742360534823
SU00187,SocialUser187,885,2,2015-06-14T12:04:46.114486,False,8.724493064686323
SU00188,SocialUser188,555,84,2017-06-09T12:04:46.114490,False,1.2281244575465533
SU00189,SocialUser189,190,15,2022-03-30T12:04:46.114494,False,43.391130298728164
SU00190,SocialUser190,954,65,2015-12-31T12:04:46.114500,True,53.08036401941263
SU00191,SocialUser191,241,15,2022-06-19T12:04:46.114505,True,33.83001023013642
SU00192,SocialUser192,145,65,2024-03-29T12:04:46.114509,True,52.57360958463575
SU00193,SocialUser193,446,66,2022-11-07T12:04:46.114513,False,12.169646006665246
SU00194,SocialUser194,931,98,2015-11-05T12:04:46.114517,True,47.25742270675234
SU00195,SocialUser195,951,92,2019-07-09T12:04:46.114521,True,35.607328370333
SU00196,SocialUser196,797,55,2015-03-05T12:04:46.114525,True,27.68880164283195
SU00197,SocialUser197,246,56,2019-04-22T12:04:46.114529,True,43.09079737117582
SU00198,SocialUser198,111,1,2018-08-13T12:04:46.114533,False,63.83313918737943
SU00199,SocialUser199,569,1,2018-11-03T12:04:46.114538,True,63.22263383652119
SU00200,SocialUser200,772,88,2019-11-16T12:04:46.114542,True,4.905410614984984
SU00201,SocialUser201,547,41,2019-12-08T12:04:46.114546,False,14.780363746045067
SU00202,SocialUser202,278,9,2016-05-17T12:04:46.114552,False,51.183893352900036
SU00203,SocialUser203,294,78,2024-05-22T12:04:46.114557,False,79.55105750851645
SU00204,SocialUser204,252,38,2024-03-31T12:04:46.114561,False,37.79445300321792
SU00205,SocialUser205,198,1,2015-11-04T12:04:46.114565,True,2.5019426600590866
SU00206,SocialUser206,530,13,2023-05-27T12:04:46.114570,False,17.105075799774383
SU00207,SocialUser207,653,39,2022-05-18T12:04:46.114576,False,71.15732948524703
SU00208,SocialUser208,505,53,2016-12-11T12:04:46.114580,True,39.80417867240176
SU00209,SocialUser209,607,19,2015-11-21T12:04:46.114584,False,60.22553139598027
SU00210,SocialUser210,411,70,2020-12-10T12:04:46.114590,False,42.443121402686536
SU00211,SocialUser211,60,47,2019-08-18T12:04:46.114594,False,98.90152030546868
SU00212,SocialUser212,324,65,2015-11-14T12:04:46.114598,False,6.656458317301562
SU00213,SocialUser213,29,12,2019-04-28T12:04:46.114602,False,29.015781484694582
SU00214,SocialUser214,158,97,2016-07-26T12:04:46.114607,True,45.379177471186935
SU00215,SocialUser215,282,91,2021-10-19T12:04:46.114611,True,86.19078448072224
SU00216,SocialUser216,791,76,2020-11-30T12:04:46.114615,False,83.59791935125605
SU00217,SocialUser217,351,18,2021-11-05T12:04:46.114619,False,26.04183915788202
SU00218,SocialUser218,653,6,2017-12-19T12:04:46.114623,True,27.430362608345494
SU00219,SocialUser219,854,80,2021-01-15T12:04:46.114628,True,3.884968978074277
SU00220,SocialUser220,414,95,2022-08-16T12:04:46.114632,True,25.703021927619453
SU00221,SocialUser221,772,35,2023-03-26T12:04:46.114636,True,50.71299541981282
SU00222,SocialUser222,654,26,2022-01-12T12:04:46.114640,False,90.997755224212
SU00223,SocialUser223,494,94,2022-06-29T12:04:46.114644,True,10.179903360342045
SU00224,SocialUser224,672,80,2018-04-13T12:04:46.114648,False,52.31162361220505
SU00225,SocialUser225,797,19,2023-12-14T12:04:46.114652,True,93.8703266280223
SU00226,SocialUser226,200,96,2019-12-01T12:04:46.114657,True,92.96584315788752
SU00227,SocialUser227,759,40,2015-03-30T12:04:46.114661,True,3.9318339823832815
SU00228,SocialUser228,201,13,2014-12-11T12:04:46.114667,False,99.30756379940003
SU00229,SocialUser229,496,76,2023-09-10T12:04:46.114673,True,56.137947578625294
SU00230,SocialUser230,98,12,2021-10-06T12:04:46.114678,True,76.10803226465454
SU00231,SocialUser231,851,82,2014-11-18T12:04:46.114682,False,84.00261779761328
SU00232,SocialUser232,992,82,2017-07-11T12:04:46.114686,False,99.43891184365076
SU00233,SocialUser233,551,45,2024-04-06T12:04:46.114691,True,27.71184123461603
SU00234,SocialUser234,682,37,2024-03-18T12:04:46.114695,False,36.85287468639803
SU00235,SocialUser235,778,25,2016-03-05T12:04:46.114699,True,72.56149558556177
SU00236,SocialUser236,818,73,2024-01-28T12:04:46.114704,True,30.17582866177211
SU00237,SocialUser237,647,22,2024-01-11T12:04:46.114710,True,39.36573688688176
SU00238,SocialUser238,820,67,2024-04-09T12:04:46.114714,True,20.472684884794845
SU00239,SocialUser239,939,17,2018-01-14T12:04:46.114719,True,92.31886874258286
SU00240,SocialUser240,859,47,2022-07-09T12:04:46.114723,False,65.01584058338408
SU00241,SocialUser241,735,18,2018-08-17T12:04:46.114727,False,97.73156703002563
SU00242,SocialUser242,32,61,2019-03-07T12:04:46.114731,False,66.8873156421588
SU00243,SocialUser243,542,12,2021-03-25T12:04:46.114735,False,39.648187519452414
SU00244,SocialUser244,85,24,2018-06-17T12:04:46.114740,True,20.819678622205373
SU00245,SocialUser245,28,10,2024-01-07T12:04:46.114744,False,59.184076064891734
SU00246,SocialUser246,267,26,2016-09-16T12:04:46.114748,False,67.20108020350425
SU00247,SocialUser247,330,57,2020-10-14T12:04:46.114752,False,98.65291934952123
SU00248,SocialUser248,176,47,2021-12-02T12:04:46.114756,False,96.01687626595978
SU00249,SocialUser249,819,6,2019-02-23T12:04:46.114762,False,77.12732276174593
SU00250,SocialUser250,927,82,2017-02-06T12:04:46.114768,True,80.64456154544537
SU00251,SocialUser251,712,88,2023-02-25T12:04:46.114772,False,13.015018907260744
SU00252,SocialUser252,852,86,2017-07-18T12:04:46.114777,True,95.07607378534324
SU00253,SocialUser253,154,26,2024-03-27T12:04:46.114781,True,93.98587220476568
SU00254,SocialUser254,588,94,2022-10-08T12:04:46.114785,False,34.922556789361096
SU00255,SocialUser255,900,7,2016-08-25T12:04:46.114790,True,38.76178641256766
SU00256,SocialUser256,352,73,2017-04-29T12:04:46.114794,False,20.899329239828234
SU00257,SocialUser257,521,89,2022-01-26T12:04:46.114799,True,88.30772956860075
SU00258,SocialUser258,113,16,2021-09-12T12:04:46.114803,False,25.092632320462638
SU00259,SocialUser259,724,10,2023-10-03T12:04:46.114807,True,98.60008020624822
SU00260,SocialUser260,425,86,2015-01-14T12:04:46.114812,False,66.77396709026662
SU00261,SocialUser261,850,74,2015-06-24T12:04:46.114816,False,92.35526538053212
SU00262,SocialUser262,690,14,2020-03-23T12:04:46.114820,True,36.08564298692784
SU00263,SocialUser263,509,83,2022-12-31T12:04:46.114825,True,58.60399720628773
SU00264,SocialUser264,58,67,2017-01-19T12:04:46.114829,False,17.290499346826405
SU00265,SocialUser265,588,71,2018-11-18T12:04:46.114833,True,93.90729264619911
SU00266,SocialUser266,205,12,2017-05-28T12:04:46.114837,False,12.635611203436426
SU00267,SocialUser267,646,95,2023-08-29T12:04:46.114841,True,34.705835374900815
SU00268,SocialUser268,104,54,2017-04-17T12:04:46.114847,False,90.3932719457714
SU00269,SocialUser269,784,59,2020-09-30T12:04:46.114851,False,42.50288653444717
SU00270,SocialUser270,238,100,2017-01-18T12:04:46.114855,True,99.82295629800605
SU00271,SocialUser271,840,4,2023-10-23T12:04:46.114862,True,5.551087543508338
SU00272,SocialUser272,539,48,2018-10-13T12:04:46.114866,False,9.426879348593486
SU00273,SocialUser273,253,70,2017-10-20T12:04:46.114870,True,29.098229229507076
SU00274,SocialUser274,260,45,2018-08-11T12:04:46.114876,False,88.4952047970509
SU00275,SocialUser275,794,33,2019-09-04T12:04:46.114880,True,5.108692753413369
SU00276,SocialUser276,790,46,2023-04-19T12:04:46.114885,True,66.53575202511229
SU00277,SocialUser277,953,38,2021-07-09T12:04:46.114889,False,31.362610675820413
SU00278,SocialUser278,137,63,2024-07-27T12:04:46.114893,True,2.0053110470723112
SU00279,SocialUser279,376,93,2022-02-04T12:04:46.114897,False,21.257298809192825
SU00280,SocialUser280,601,92,2018-12-18T12:04:46.114902,False,8.830864041166443
SU00281,SocialUser281,522,96,2016-10-28T12:04:46.114906,False,33.3756672985136
SU00282,SocialUser282,787,66,2018-02-18T12:04:46.114910,False,67.33255261189048
SU00283,SocialUser283,416,21,2015-10-17T12:04:46.114914,True,30.436622538992854
SU00284,SocialUser284,506,7,2023-11-15T12:04:46.114918,False,30.86372887944012
SU00285,SocialUser285,562,63,2019-03-22T12:04:46.114922,True,78.52005726997524
SU00286,SocialUser286,565,33,2021-08-24T12:04:46.114927,True,97.79487307720449
SU00287,SocialUser287,907,25,2016-01-13T12:04:46.114933,False,71.72338665361313
SU00288,SocialUser288,553,8,2019-04-24T12:04:46.114939,False,28.656660642647136
SU00289,SocialUser289,288,98,2024-06-28T12:04:46.114943,True,27.751440627698177
SU00290,SocialUser290,182,37,2019-12-05T12:04:46.114947,False,36.95375438863324
SU00291,SocialUser291,978,11,2016-04-27T12:04:46.114951,False,17.531714025173628
SU00292,SocialUser292,273,10,2015-08-26T12:04:46.114957,False,14.96854930156215
SU00293,SocialUser293,701,22,2015-09-23T12:04:46.114961,False,41.222065602645365
SU00294,SocialUser294,193,91,2017-08-19T12:04:46.114965,False,45.47363339207482
SU00295,SocialUser295,200,24,2017-07-15T12:04:46.114970,True,0.7579028908961338
SU00296,SocialUser296,432,53,2018-04-22T12:04:46.114974,False,60.861694974555135
SU00297,SocialUser297,694,100,2021-10-10T12:04:46.114978,False,44.86665738025203
SU00298,SocialUser298,16,55,2019-06-19T12:04:46.114982,True,13.636106334353503
SU00299,SocialUser299,352,24,2023-12-31T12:04:46.114986,True,33.6065971415597
SU00300,SocialUser300,263,73,2015-03-31T12:04:46.114990,False,39.11938038166031
SU00301,SocialUser301,119,38,2016-12-29T12:04:46.114994,True,22.552780212982682
SU00302,SocialUser302,661,77,2023-04-24T12:04:46.114999,True,86.04191937063793
SU00303,SocialUser303,189,10,2022-02-09T12:04:46.115003,True,76.29650059282721
SU00304,SocialUser304,468,38,2017-07-09T12:04:46.115007,True,2.5894172492792467
SU00305,SocialUser305,867,22,2023-04-24T12:04:46.115011,False,74.49102187255613
SU00306,SocialUser306,749,15,2018-02-24T12:04:46.115016,False,61.102604626024714
SU00307,SocialUser307,400,42,2015-02-08T12:04:46.115022,False,55.47062277499455
SU00308,SocialUser308,350,57,2021-08-08T12:04:46.115026,False,82.79315699263877
SU00309,SocialUser309,7,18,2024-01-24T12:04:46.115030,True,5.7811480302151885
SU00310,SocialUser310,406,77,2022-07-17T12:04:46.115035,True,30.294248556055713
SU00311,SocialUser311,871,85,2024-09-12T12:04:46.115039,True,97.85453699095015
SU00312,SocialUser312,843,60,2018-12-22T12:04:46.115043,False,9.497147456645017
SU00313,SocialUser313,823,86,2020-04-28T12:04:46.115049,False,59.028748012287366
SU00314,SocialUser314,735,27,2022-11-26T12:04:46.115053,False,44.10891348412862
SU00315,SocialUser315,176,75,2020-12-21T12:04:46.115058,True,7.539630782231155
SU00316,SocialUser316,618,92,2019-03-28T12:04:46.115062,False,91.42374938459572
SU00317,SocialUser317,406,54,2014-11-08T12:04:46.115066,True,51.73455856840828
SU00318,SocialUser318,334,88,2018-10-29T12:04:46.115070,True,85.89510143661788
SU00319,SocialUser319,732,57,2017-10-12T12:04:46.115074,True,29.19981840230106
SU00320,SocialUser320,928,51,2023-09-01T12:04:46.115078,False,41.356741319079546
SU00321,SocialUser321,544,13,2018-05-13T12:04:46.115083,True,6.573311067255605
SU00322,SocialUser322,972,12,2021-07-15T12:04:46.115087,True,80.83702277843746
SU00323,SocialUser323,715,99,2022-02-01T12:04:46.115091,True,79.52086833598412
SU00324,SocialUser324,295,26,2017-12-25T12:04:46.115095,True,90.19421230536638
SU00325,SocialUser325,120,58,2024-01-08T12:04:46.115099,False,67.34472472087431
SU00326,SocialUser326,277,80,2018-04-27T12:04:46.115104,True,41.22983976553587
SU00327,SocialUser327,854,31,2017-11-08T12:04:46.115110,True,27.69569162341945
SU00328,SocialUser328,956,56,2021-09-29T12:04:46.115114,True,30.618808325817604
SU00329,SocialUser329,825,25,2023-10-19T12:04:46.115118,True,28.56447904966234
SU00330,SocialUser330,387,81,2021-03-10T12:04:46.115123,False,15.11660949730259
SU00331,SocialUser331,815,98,2017-08-20T12:04:46.115127,False,38.97257968530143
SU00332,SocialUser332,546,63,2021-10-08T12:04:46.115131,True,56.85645804574744
SU00333,SocialUser333,500,53,2017-03-23T12:04:46.115135,True,95.94907111902175
SU00334,SocialUser334,769,45,2016-03-18T12:04:46.115140,False,32.02623716603262
SU00335,SocialUser335,668,33,2022-03-11T12:04:46.115146,False,40.66885367497741
SU00336,SocialUser336,996,44,2021-01-20T12:04:46.115150,False,74.0232964715379
SU00337,SocialUser337,601,62,2017-09-02T12:04:46.115154,True,35.174377004796334
SU00338,SocialUser338,215,20,2018-12-08T12:04:46.115161,False,7.146142359042418
SU00339,SocialUser339,455,79,2020-08-27T12:04:46.115166,True,8.72160418727007
SU00340,SocialUser340,798,35,2020-05-01T12:04:46.115170,False,51.522465768907125
SU00341,SocialUser341,945,99,2018-10-14T12:04:46.115174,False,30.79364953756546
SU00342,SocialUser342,113,56,2016-01-20T12:04:46.115178,False,30.52523005004003
SU00343,SocialUser343,29,79,2019-04-22T12:04:46.115183,False,60.48543803863573
SU00344,SocialUser344,83,37,2024-08-27T12:04:46.115249,False,7.929023261177837
SU00345,SocialUser345,235,29,2023-05-24T12:04:46.115254,True,85.06679198996561
SU00346,SocialUser346,518,64,2017-12-01T12:04:46.115259,True,4.993838893848867
SU00347,SocialUser347,936,52,2019-08-21T12:04:46.115263,True,78.20556365941894
SU00348,SocialUser348,949,36,2021-07-07T12:04:46.115268,True,90.39284996129298
SU00349,SocialUser349,151,97,2019-03-10T12:04:46.115272,True,15.364853371916077
SU00350,SocialUser350,277,78,2017-07-21T12:04:46.115279,True,41.50282771876505
SU00351,SocialUser351,849,5,2018-12-04T12:04:46.115284,False,11.45800481746494
SU00352,SocialUser352,429,68,2019-07-06T12:04:46.115288,True,37.860547941370115
SU00353,SocialUser353,643,2,2023-03-06T12:04:46.115293,False,42.30593315974453
SU00354,SocialUser354,353,56,2017-10-11T12:04:46.115297,False,73.11872723088848
SU00355,SocialUser355,926,39,2020-07-17T12:04:46.115301,False,35.01057642430312
SU00356,SocialUser356,446,73,2018-11-12T12:04:46.115306,True,56.886662719347946
SU00357,SocialUser357,212,9,2020-07-22T12:04:46.115310,False,43.8796817255076
SU00358,SocialUser358,372,53,2015-03-13T12:04:46.115314,True,30.569202400711937
SU00359,SocialUser359,405,17,2017-08-15T12:04:46.115318,True,2.1220007735745505
SU00360,SocialUser360,649,86,2018-08-25T12:04:46.115323,False,44.58779343104725
SU00361,SocialUser361,414,75,2023-09-09T12:04:46.115328,False,39.15589024613551
SU00362,SocialUser362,902,90,2016-05-23T12:04:46.115333,True,69.78110723389545
SU00363,SocialUser363,919,10,2018-12-26T12:04:46.115337,False,62.75736041806327
SU00364,SocialUser364,90,69,2016-12-29T12:04:46.115341,True,58.795314821785084
SU00365,SocialUser365,856,12,2018-07-05T12:04:46.115345,False,72.19612663772226
SU00366,SocialUser366,252,39,2022-09-20T12:04:46.115350,True,80.61614800929753
SU00367,SocialUser367,61,97,2016-06-27T12:04:46.115354,False,5.335780319927252
SU00368,SocialUser368,485,99,2021-07-01T12:04:46.115358,False,15.095112962063329
SU00369,SocialUser369,303,55,2023-07-17T12:04:46.115362,False,21.669301940863374
SU00370,SocialUser370,805,2,2023-02-19T12:04:46.115367,False,16.12411171336412
SU00371,SocialUser371,312,27,2024-10-04T12:04:46.115371,False,49.665982492022174
SU00372,SocialUser372,814,6,2023-03-09T12:04:46.115375,False,58.88349552972419
SU00373,SocialUser373,180,80,2021-09-24T12:04:46.115380,True,62.21128521103143
SU00374,SocialUser374,596,35,2020-03-17T12:04:46.115384,True,31.003546378235246
SU00375,SocialUser375,240,89,2022-10-25T12:04:46.115388,False,26.55143295572716
SU00376,SocialUser376,134,46,2017-02-26T12:04:46.115392,True,66.07944609855913
SU00377,SocialUser377,330,84,2018-09-25T12:04:46.115397,True,30.230796750741064
SU00378,SocialUser378,298,11,2022-01-08T12:04:46.115401,True,12.676428619155134
SU00379,SocialUser379,833,20,2023-07-13T12:04:46.115405,False,73.75716025300129
SU00380,SocialUser380,749,39,2017-07-01T12:04:46.115409,True,60.60225051855166
SU00381,SocialUser381,481,27,2017-11-16T12:04:46.115414,False,19.94391305670764
SU00382,SocialUser382,360,39,2023-10-22T12:04:46.115419,True,45.06727758203024
SU00383,SocialUser383,79,80,2021-07-25T12:04:46.115423,False,43.58173552947916
SU00384,SocialUser384,3,34,2019-05-08T12:04:46.115427,True,10.471173507686494
SU00385,SocialUser385,711,34,2019-03-17T12:04:46.115431,False,93.22211447581066
SU00386,SocialUser386,458,3,2020-11-11T12:04:46.115435,True,17.927150575701422
SU00387,SocialUser387,292,59,2022-12-08T12:04:46.115440,False,47.70300298587836
SU00388,SocialUser388,284,83,2023-09-19T12:04:46.115444,False,91.88915049688023
SU00389,SocialUser389,908,48,2018-04-10T12:04:46.115449,True,82.22433445299585
SU00390,SocialUser390,267,24,2022-01-10T12:04:46.115453,True,21.32342728546095
SU00391,SocialUser391,776,46,2024-07-05T12:04:46.115457,True,75.43535740910474
SU00392,SocialUser392,304,45,2020-06-11T12:04:46.115462,True,18.32779456278104
SU00393,SocialUser393,484,8,2021-01-02T12:04:46.115466,True,33.02003963619081
SU00394,SocialUser394,0,21,2023-06-07T12:04:46.115470,True,54.95633221836352
SU00395,SocialUser395,88,45,2017-06-12T12:04:46.115474,False,67.60268337279882
SU00396,SocialUser396,821,77,2018-10-28T12:04:46.115479,True,81.88851981302672
SU00397,SocialUser397,155,77,2017-05-04T12:04:46.115483,True,99.63588092643516
SU00398,SocialUser398,951,72,2024-01-11T12:04:46.115487,False,39.340075056628706
SU00399,SocialUser399,533,65,2016-01-07T12:04:46.115492,False,62.17850608387558
SU00400,SocialUser400,633,79,2018-04-20T12:04:46.115498,False,97.79711886913618
SU00401,SocialUser401,440,18,2024-05-09T12:04:46.115502,True,65.4589653563064
SU00402,SocialUser402,515,62,2016-01-10T12:04:46.115507,False,78.54156719313937
SU00403,SocialUser403,195,76,2014-10-20T12:04:46.115511,False,1.1639535357681918
SU00404,SocialUser404,186,96,2024-07-01T12:04:46.115516,False,40.7419221108354
SU00405,SocialUser405,211,19,2023-10-03T12:04:46.115520,True,59.06442754295315
SU00406,SocialUser406,610,80,2015-12-21T12:04:46.115524,False,32.790814908836
SU00407,SocialUser407,574,24,2016-11-09T12:04:46.115538,True,85.74179230610083
SU00408,SocialUser408,332,49,2016-07-31T12:04:46.115542,True,10.241855600724836
SU00409,SocialUser409,23,99,2019-06-30T12:04:46.115546,False,15.844788973982826
SU00410,SocialUser410,948,80,2023-03-14T12:04:46.115551,True,83.93569612828186
SU00411,SocialUser411,568,23,2019-02-03T12:04:46.115555,True,19.004630567986748
SU00412,SocialUser412,212,94,2020-10-13T12:04:46.115559,True,82.90756214887028
SU00413,SocialUser413,373,45,2019-03-10T12:04:46.115563,True,64.33698146628386
SU00414,SocialUser414,517,1,2017-04-07T12:04:46.115567,False,61.157419702258466
SU00415,SocialUser415,274,10,2018-10-01T12:04:46.115572,False,7.8265287643717985
SU00416,SocialUser416,922,22,2024-03-07T12:04:46.115593,True,18.545698996240578
SU00417,SocialUser417,472,85,2022-03-03T12:04:46.115598,True,94.8160744519598
SU00418,SocialUser418,633,14,2022-11-18T12:04:46.115602,True,23.163059494112392
SU00419,SocialUser419,476,14,2019-07-07T12:04:46.115606,False,72.40845827138956
SU00420,SocialUser420,50,62,2022-01-10T12:04:46.115612,True,45.713107503234966
SU00421,SocialUser421,274,79,2017-11-05T12:04:46.115617,True,3.044971193110191
SU00422,SocialUser422,711,55,2018-02-17T12:04:46.115622,False,56.31201080173561
SU00423,SocialUser423,162,12,2018-10-03T12:04:46.115626,True,38.79731253447392
SU00424,SocialUser424,380,70,2018-05-31T12:04:46.115632,False,30.319793538262342
SU00425,SocialUser425,417,90,2021-11-03T12:04:46.115637,True,23.701851072180425
SU00426,SocialUser426,381,21,2015-04-26T12:04:46.115641,True,15.8422175752425
SU00427,SocialUser427,662,97,2017-07-09T12:04:46.115645,True,8.385987091636549
SU00428,SocialUser428,56,14,2024-02-29T12:04:46.115650,False,46.05276036666963
SU00429,SocialUser429,128,35,2024-08-19T12:04:46.115654,False,1.9657222558065568
SU00430,SocialUser430,974,1,2024-06-12T12:04:46.115683,True,6.350969728758649
SU00431,SocialUser431,256,59,2016-01-30T12:04:46.115700,False,52.04845324366432
SU00432,SocialUser432,734,35,2022-02-10T12:04:46.115709,True,44.48606911447065
SU00433,SocialUser433,801,56,2016-05-25T12:04:46.115716,True,92.07554562007546
SU00434,SocialUser434,320,27,2018-10-13T12:04:46.115720,True,30.38002404992416
SU00435,SocialUser435,885,64,2015-11-14T12:04:46.115724,True,8.13855323812167
SU00436,SocialUser436,680,87,2021-05-24T12:04:46.115729,False,39.399049827176505
SU00437,SocialUser437,284,60,2020-01-01T12:04:46.115738,False,37.57834626819891
SU00438,SocialUser438,818,87,2020-07-24T12:04:46.115743,False,8.30120653114289
SU00439,SocialUser439,239,5,2023-06-28T12:04:46.115749,False,26.1606326417539
SU00440,SocialUser440,85,72,2015-04-11T12:04:46.115754,False,95.70444605340246
SU00441,SocialUser441,769,62,2020-07-13T12:04:46.115758,True,35.223212592084685
SU00442,SocialUser442,245,47,2015-07-09T12:04:46.115762,True,45.66164458996106
SU00443,SocialUser443,273,98,2018-12-15T12:04:46.115766,True,43.41628716675652
SU00444,SocialUser444,60,86,2023-07-01T12:04:46.115771,False,56.58585993657115
SU00445,SocialUser445,178,57,2015-09-08T12:04:46.115775,False,25.052978589538057
SU00446,SocialUser446,169,0,2019-08-22T12:04:46.115779,True,89.55286206800882
SU00447,SocialUser447,777,6,2024-02-10T12:04:46.115783,True,83.43034499700222
SU00448,SocialUser448,41,22,2020-03-02T12:04:46.115788,False,49.33708835289029
SU00449,SocialUser449,377,44,2018-02-06T12:04:46.115792,True,59.41006397528794
SU00450,SocialUser450,351,93,2016-10-30T12:04:46.115796,False,23.770395557917034
SU00451,SocialUser451,640,91,2023-06-10T12:04:46.115801,False,52.7801506821811
SU00452,SocialUser452,295,78,2022-05-10T12:04:46.115805,False,69.53365494278216
SU00453,SocialUser453,867,73,2020-12-21T12:04:46.115809,False,76.54022026775053
SU00454,SocialUser454,522,34,2015-03-16T12:04:46.115814,False,68.61883419150324
SU00455,SocialUser455,697,10,2023-08-18T12:04:46.115818,False,79.34827419867476
SU00456,SocialUser456,145,13,2016-03-22T12:04:46.115822,True,0.8682038883576992
SU00457,SocialUser457,570,34,2021-02-15T12:04:46.115827,False,47.994328579048585
SU00458,SocialUser458,48,94,2018-04-17T12:04:46.115834,False,16.312877145585382
SU00459,SocialUser459,629,97,2023-01-31T12:04:46.115840,False,49.44977546804353
SU00460,SocialUser460,13,13,2022-08-03T12:04:46.115844,True,83.50758036026507
SU00461,SocialUser461,444,95,2018-12-03T12:04:46.115849,False,33.97741612302806
SU00462,SocialUser462,48,57,2024-07-17T12:04:46.115853,False,96.72343999841162
SU00463,SocialUser463,634,95,2022-04-11T12:04:46.115857,False,65.44609418936001
SU00464,SocialUser464,221,100,2019-09-22T12:04:46.115862,True,57.60323519018699
SU00465,SocialUser465,673,61,2015-12-08T12:04:46.115866,False,26.541512522154665
SU00466,SocialUser466,343,1,2024-02-26T12:04:46.115870,True,32.88263602538495
SU00467,SocialUser467,360,87,2024-05-24T12:04:46.115874,True,12.992668071816816
SU00468,SocialUser468,131,36,2024-04-30T12:04:46.115879,True,48.66520720965093
SU00469,SocialUser469,371,29,2015-05-20T12:04:46.115883,True,4.582146757606265
SU00470,SocialUser470,129,36,2022-09-13T12:04:46.115887,True,99.22138486034241
SU00471,SocialUser471,425,93,2021-12-31T12:04:46.115891,True,29.49023338186565
SU00472,SocialUser472,592,15,2015-11-23T12:04:46.115896,False,8.834042230210349
SU00473,SocialUser473,162,79,2021-08-19T12:04:46.115902,False,71.20668177211994
SU00474,SocialUser474,539,44,2023-11-02T12:04:46.115911,True,56.3758670389664
SU00475,SocialUser475,675,28,2019-02-07T12:04:46.115915,False,57.386034846716306
SU00476,SocialUser476,660,28,2019-01-16T12:04:46.115920,False,62.38396711174269
SU00477,SocialUser477,785,8,2019-11-16T12:04:46.115924,False,82.97461276015535
SU00478,SocialUser478,294,6,2019-03-08T12:04:46.115930,False,15.508492869205758
SU00479,SocialUser479,752,33,2015-11-26T12:04:46.115936,False,8.326018237263222
SU00480,SocialUser480,390,49,2017-11-16T12:04:46.115941,True,90.63276873295723
SU00481,SocialUser481,342,59,2022-05-27T12:04:46.115945,True,32.55921482425492
SU00482,SocialUser482,867,92,2021-01-30T12:04:46.115949,False,85.15464219559613
SU00483,SocialUser483,444,80,2018-06-06T12:04:46.115953,False,32.453472447189505
SU00484,SocialUser484,969,89,2023-11-28T12:04:46.115958,False,3.5458918748487056
SU00485,SocialUser485,725,39,2016-10-20T12:04:46.115962,False,98.28384513016695
SU00486,SocialUser486,419,12,2023-06-18T12:04:46.115966,False,29.97888597990208
SU00487,SocialUser487,979,35,2024-02-03T12:04:46.115971,False,9.848562384363312
SU00488,SocialUser488,507,49,2020-10-14T12:04:46.115975,False,86.0845463456837
SU00489,SocialUser489,156,75,2019-02-10T12:04:46.115979,True,14.064399035278019
SU00490,SocialUser490,843,57,2022-10-13T12:04:46.115983,False,26.643067240105168
SU00491,SocialUser491,820,6,2021-03-22T12:04:46.115988,False,13.883899383933407
SU00492,SocialUser492,66,40,2019-05-18T12:04:46.115992,False,8.166335621316733
SU00493,SocialUser493,197,64,2023-10-25T12:04:46.115998,False,37.25792578869432
SU00494,SocialUser494,267,11,2017-01-12T12:04:46.116002,False,54.849668071739984
SU00495,SocialUser495,893,70,2017-02-01T12:04:46.116006,False,93.84689120323637
SU00496,SocialUser496,593,51,2019-08-16T12:04:46.116011,False,64.40624864294021
SU00497,SocialUser497,599,21,2020-05-13T12:04:46.116015,True,75.7711210208122
SU00498,SocialUser498,469,25,2024-06-25T12:04:46.116023,False,44.115160082834905
SU00499,SocialUser499,113,73,2018-09-09T12:04:46.116028,False,20.570296181579227
SU00500,SocialUser500,944,89,2020-04-10T12:04:46.116033,True,62.22850495679132
SU00501,SocialUser501,6,61,2015-09-06T12:04:46.116056,False,63.213971430903904
SU00502,SocialUser502,125,41,2016-11-09T12:04:46.116060,True,57.84037553383904
SU00503,SocialUser503,280,37,2024-06-05T12:04:46.116064,True,94.73330346082913
SU00504,SocialUser504,729,87,2015-03-30T12:04:46.116069,True,19.660940143317205
SU00505,SocialUser505,861,90,2023-02-02T12:04:46.116073,False,95.17264214094367
SU00506,SocialUser506,245,50,2016-09-26T12:04:46.116078,True,74.14800324965624
SU00507,SocialUser507,718,70,2017-08-06T12:04:46.116083,False,59.878243576458125
SU00508,SocialUser508,245,64,2024-07-22T12:04:46.116087,False,49.1256591063269
SU00509,SocialUser509,381,40,2021-06-17T12:04:46.116091,False,0.6595353103844293
SU00510,SocialUser510,827,98,2015-01-05T12:04:46.116096,True,31.217446017223015
SU00511,SocialUser511,597,18,2021-07-02T12:04:46.116101,False,27.993642962487407
SU00512,SocialUser512,245,36,2015-08-19T12:04:46.116105,True,64.25047613416373
SU00513,SocialUser513,71,48,2023-09-27T12:04:46.116110,False,62.54263996845677
SU00514,SocialUser514,974,77,2023-09-16T12:04:46.116114,True,36.2583756136373
SU00515,SocialUser515,735,33,2023-06-03T12:04:46.116118,False,65.42630954371158
SU00516,SocialUser516,937,80,2022-08-07T12:04:46.116123,False,72.00785431856569
SU00517,SocialUser517,722,29,2016-01-13T12:04:46.116129,True,57.103099225824074
SU00518,SocialUser518,378,47,2018-04-29T12:04:46.116134,False,97.41842408497106
SU00519,SocialUser519,310,67,2015-01-23T12:04:46.116138,False,29.808734027753147
SU00520,SocialUser520,137,69,2022-05-05T12:04:46.116142,True,54.823843255788674
SU00521,SocialUser521,468,30,2023-10-02T12:04:46.116147,False,27.363598349777707
SU00522,SocialUser522,734,67,2015-11-27T12:04:46.116153,False,56.7003085663781
SU00523,SocialUser523,741,42,2017-01-26T12:04:46.116157,False,5.806938193743083
SU00524,SocialUser524,906,6,2022-04-22T12:04:46.116162,True,65.96141594609374
SU00525,SocialUser525,838,41,2017-12-07T12:04:46.116166,True,69.90806687188503
SU00526,SocialUser526,129,52,2017-11-20T12:04:46.116173,False,66.50427253727726
SU00527,SocialUser527,703,19,2014-11-26T12:04:46.116178,True,93.375236389009
SU00528,SocialUser528,885,65,2018-06-24T12:04:46.116182,True,27.26242693402432
SU00529,SocialUser529,985,58,2016-05-05T12:04:46.116186,True,76.01155327081712
SU00530,SocialUser530,979,34,2015-09-28T12:04:46.116190,True,57.45681651867939
SU00531,SocialUser531,169,91,2020-05-27T12:04:46.116195,True,68.54365147613282
SU00532,SocialUser532,158,32,2021-06-08T12:04:46.116199,True,26.007558939773155
SU00533,SocialUser533,798,89,2014-10-22T12:04:46.116203,False,51.855377891917634
SU00534,SocialUser534,11,42,2022-05-28T12:04:46.116207,True,71.84784458234672
SU00535,SocialUser535,714,64,2022-08-29T12:04:46.116211,False,92.37442711915874
SU00536,SocialUser536,555,22,2021-10-05T12:04:46.116215,True,86.0869607123945
SU00537,SocialUser537,97,10,2024-05-22T12:04:46.116221,True,67.23722452109162
SU00538,SocialUser538,525,17,2017-10-07T12:04:46.116226,True,23.080664074925906
SU00539,SocialUser539,903,66,2024-07-08T12:04:46.116230,False,10.529017087749104
SU00540,SocialUser540,877,65,2018-04-23T12:04:46.116234,False,86.57532766439112
SU00541,SocialUser541,627,95,2018-01-20T12:04:46.116239,True,76.13576753390204
SU00542,SocialUser542,69,26,2023-04-07T12:04:46.116243,False,95.7671138277111
SU00543,SocialUser543,889,32,2018-02-02T12:04:46.116249,True,50.32525073352622
SU00544,SocialUser544,910,76,2022-07-22T12:04:46.116253,False,92.15494673056952
SU00545,SocialUser545,308,98,2024-04-01T12:04:46.116257,True,37.8561881840711
SU00546,SocialUser546,547,81,2021-06-03T12:04:46.116262,True,92.04623202815515
SU00547,SocialUser547,721,11,2023-10-05T12:04:46.116266,True,77.51875596131423
SU00548,SocialUser548,97,87,2023-03-11T12:04:46.116270,True,98.47593312964266
SU00549,SocialUser549,5,53,2017-09-04T12:04:46.116274,True,73.48252323041096
SU00550,SocialUser550,499,6,2018-11-21T12:04:46.116278,True,81.55638262156482
SU00551,SocialUser551,447,46,2015-07-21T12:04:46.116282,True,82.25716995191061
SU00552,SocialUser552,1,77,2022-05-03T12:04:46.116287,False,80.97805297152144
SU00553,SocialUser553,357,45,2019-04-05T12:04:46.116291,True,14.437425814686112
SU00554,SocialUser554,345,77,2021-08-12T12:04:46.116295,False,56.5711860890185
SU00555,SocialUser555,884,11,2017-12-10T12:04:46.116299,True,19.780858798020738
SU00556,SocialUser556,71,13,2018-09-22T12:04:46.116305,True,28.239530788674262
SU00557,SocialUser557,427,5,2016-02-11T12:04:46.116316,False,9.720678347238076
SU00558,SocialUser558,755,8,2017-04-02T12:04:46.116320,False,97.58010671113743
SU00559,SocialUser559,595,83,2019-12-11T12:04:46.116324,False,69.55076716229769
SU00560,SocialUser560,479,83,2023-03-09T12:04:46.116329,True,51.165137508433034
SU00561,SocialUser561,585,100,2018-06-09T12:04:46.116333,True,84.81045219862877
SU00562,SocialUser562,645,40,2016-08-07T12:04:46.116337,True,19.55734223915084
SU00563,SocialUser563,177,32,2021-07-04T12:04:46.116341,True,14.027264056313149
SU00564,SocialUser564,880,35,2023-03-31T12:04:46.116347,True,53.46071909793638
SU00565,SocialUser565,865,90,2020-11-08T12:04:46.116352,False,86.6973953649935
SU00566,SocialUser566,669,93,2020-07-11T12:04:46.116356,True,98.61699056413022
SU00567,SocialUser567,781,57,2017-07-10T12:04:46.116361,True,61.7095193775126
SU00568,SocialUser568,990,74,2023-01-03T12:04:46.116365,True,27.789179514184337
SU00569,SocialUser569,873,75,2018-02-23T12:04:46.116369,False,0.40853343836541045
SU00570,SocialUser570,36,83,2016-11-16T12:04:46.116373,True,68.4852664003587
SU00571,SocialUser571,922,11,2017-05-16T12:04:46.116379,False,92.87389454706027
SU00572,SocialUser572,457,47,2017-09-29T12:04:46.116384,False,36.4673089538749
SU00573,SocialUser573,208,91,2019-07-16T12:04:46.116388,True,64.29381746167843
SU00574,SocialUser574,144,14,2018-10-07T12:04:46.116392,True,53.468727321607275
SU00575,SocialUser575,486,27,2024-03-22T12:04:46.116396,False,7.048304786979109
SU00576,SocialUser576,958,10,2018-04-27T12:04:46.116404,False,4.196027070905794
SU00577,SocialUser577,103,53,2020-07-10T12:04:46.116408,False,0.4587181812812591
SU00578,SocialUser578,250,77,2020-05-20T12:04:46.116412,True,80.9237150361582
SU00579,SocialUser579,240,70,2017-11-23T12:04:46.116416,False,94.82045633688348
SU00580,SocialUser580,296,89,2024-07-24T12:04:46.116421,True,34.702193990846396
SU00581,SocialUser581,192,19,2019-08-14T12:04:46.116425,False,95.97871313895513
SU00582,SocialUser582,484,28,2021-12-24T12:04:46.116429,True,91.75431069508191
SU00583,SocialUser583,366,63,2023-07-16T12:04:46.116433,True,11.1763131253368
SU00584,SocialUser584,946,86,2020-04-11T12:04:46.116437,False,54.690822344109044
SU00585,SocialUser585,43,73,2019-10-17T12:04:46.116441,True,98.42724042322658
SU00586,SocialUser586,583,22,2021-07-06T12:04:46.116448,False,70.8933825210464
SU00587,SocialUser587,247,10,2021-02-21T12:04:46.116452,False,11.129444144098976
SU00588,SocialUser588,503,33,2015-04-23T12:04:46.116457,True,60.65944417460035
SU00589,SocialUser589,972,3,2023-02-24T12:04:46.116461,True,28.24517598874875
SU00590,SocialUser590,145,69,2023-06-28T12:04:46.116466,False,14.977281454669356
SU00591,SocialUser591,45,23,2024-02-12T12:04:46.116471,True,41.190932491767484
SU00592,SocialUser592,568,11,2018-02-25T12:04:46.116475,False,96.0253211675577
SU00593,SocialUser593,577,27,2020-07-15T12:04:46.116479,False,69.68222216531588
SU00594,SocialUser594,170,74,2017-05-17T12:04:46.116483,True,5.210849256781891
SU00595,SocialUser595,490,87,2022-06-28T12:04:46.116490,False,92.4528369761179
SU00596,SocialUser596,850,79,2024-01-28T12:04:46.116494,True,97.71523773699344
SU00597,SocialUser597,313,46,2019-11-28T12:04:46.116498,False,52.05530767775175
SU00598,SocialUser598,83,44,2017-11-09T12:04:46.116503,False,53.28695575165811
SU00599,SocialUser599,151,9,2020-07-23T12:04:46.116507,True,39.52586183413654
SU00600,SocialUser600,40,67,2023-01-14T12:04:46.116512,True,84.51843604066099
SU00601,SocialUser601,367,40,2016-12-04T12:04:46.116516,False,57.345202544543085
SU00602,SocialUser602,46,87,2015-12-08T12:04:46.116520,True,55.78128941560251
SU00603,SocialUser603,943,27,2016-11-10T12:04:46.116524,False,92.7073411071392
SU00604,SocialUser604,413,66,2019-05-03T12:04:46.116529,False,46.71579622363926
SU00605,SocialUser605,42,3,2016-11-28T12:04:46.116533,True,23.353625113592415
SU00606,SocialUser606,411,6,2023-09-10T12:04:46.116537,True,37.382057721631156
SU00607,SocialUser607,983,49,2022-04-17T12:04:46.116543,False,11.08716407032091
SU00608,SocialUser608,329,36,2023-07-23T12:04:46.116547,True,13.525742616378611
SU00609,SocialUser609,601,89,2021-02-05T12:04:46.116552,False,78.27460966436888
SU00610,SocialUser610,314,77,2022-07-20T12:04:46.116556,False,33.02508011496631
SU00611,SocialUser611,233,29,2021-04-09T12:04:46.116560,True,39.303060589473915
SU00612,SocialUser612,798,98,2019-09-28T12:04:46.116565,False,47.65095151468304
SU00613,SocialUser613,308,71,2022-06-17T12:04:46.116569,True,11.288587450707277
SU00614,SocialUser614,967,22,2021-01-12T12:04:46.116573,True,43.44012098123318
SU00615,SocialUser615,508,87,2015-12-06T12:04:46.116579,True,35.94699386453822
SU00616,SocialUser616,927,6,2017-12-24T12:04:46.116583,True,82.31023190191154
SU00617,SocialUser617,840,13,2017-07-03T12:04:46.116587,True,65.53336075343151
SU00618,SocialUser618,672,89,2017-06-27T12:04:46.116592,False,58.50470047296863
SU00619,SocialUser619,625,72,2020-04-24T12:04:46.116596,False,26.723214942868445
SU00620,SocialUser620,271,93,2018-07-03T12:04:46.116600,True,62.88700071273463
SU00621,SocialUser621,574,29,2019-07-14T12:04:46.116604,False,27.830345009651214
SU00622,SocialUser622,113,17,2021-02-16T12:04:46.116608,True,17.039969540348597
SU00623,SocialUser623,278,64,2023-06-30T12:04:46.116613,True,53.74401616019141
SU00624,SocialUser624,895,85,2023-01-21T12:04:46.116617,False,37.48488163768119
SU00625,SocialUser625,908,49,2017-01-21T12:04:46.116621,False,40.462790103034884
SU00626,SocialUser626,105,9,2017-01-06T12:04:46.116625,True,26.871193996717892
SU00627,SocialUser627,468,24,2024-09-06T12:04:46.116632,True,0.5774576422630462
SU00628,SocialUser628,922,21,2020-01-23T12:04:46.116638,True,14.407836058438505
SU00629,SocialUser629,466,42,2017-03-19T12:04:46.116642,True,83.2721510711925
SU00630,SocialUser630,703,27,2023-08-18T12:04:46.116646,True,33.78040508558996
SU00631,SocialUser631,855,90,2020-06-23T12:04:46.116651,False,76.72406349453829
SU00632,SocialUser632,93,43,2016-01-27T12:04:46.116655,False,41.255727424829736
SU00633,SocialUser633,606,89,2018-09-18T12:04:46.116659,True,11.385730386764736
SU00634,SocialUser634,790,5,2018-09-01T12:04:46.116665,False,83.20653782373577
SU00635,SocialUser635,241,1,2022-08-02T12:04:46.116669,True,55.89717964936568
SU00636,SocialUser636,776,56,2021-10-01T12:04:46.116674,True,69.35052001824816
SU00637,SocialUser637,426,34,2022-03-23T12:04:46.116678,False,50.628522017328024
SU00638,SocialUser638,582,75,2020-12-08T12:04:46.116683,False,58.40901819770485
SU00639,SocialUser639,226,65,2017-01-03T12:04:46.116687,True,34.58179827797368
SU00640,SocialUser640,984,60,2024-05-31T12:04:46.116691,True,96.80827726128827
SU00641,SocialUser641,858,13,2015-07-28T12:04:46.116695,True,80.46910569080704
SU00642,SocialUser642,316,100,2021-11-02T12:04:46.116699,False,19.706656164425052
SU00643,SocialUser643,899,90,2020-05-14T12:04:46.116704,True,64.62095233386788
SU00644,SocialUser644,844,55,2020-05-06T12:04:46.116708,False,14.165047572741463
SU00645,SocialUser645,103,97,2022-05-03T12:04:46.116712,True,72.64238501656702
SU00646,SocialUser646,532,20,2022-12-21T12:04:46.116716,False,36.27019813812048
SU00647,SocialUser647,419,7,2016-07-06T12:04:46.116722,False,51.14356378070995
SU00648,SocialUser648,451,85,2014-12-14T12:04:46.116727,True,27.036280718449845
SU00649,SocialUser649,859,27,2020-03-09T12:04:46.116733,True,30.40578165391542
SU00650,SocialUser650,642,40,2020-10-30T12:04:46.116737,False,17.987842035135326
SU00651,SocialUser651,350,34,2017-06-22T12:04:46.116741,True,68.52992025732235
SU00652,SocialUser652,975,55,2018-06-30T12:04:46.116745,False,30.252680006620526
SU00653,SocialUser653,365,31,2020-08-01T12:04:46.116750,False,68.54752269833818
SU00654,SocialUser654,183,23,2019-06-21T12:04:46.116756,False,77.96088919990036
SU00655,SocialUser655,945,33,2015-12-05T12:04:46.116760,False,93.59749502932179
SU00656,SocialUser656,7,96,2021-10-01T12:04:46.116764,False,44.06393268215809
SU00657,SocialUser657,577,82,2019-05-19T12:04:46.116769,True,90.37193675764507
SU00658,SocialUser658,797,24,2020-04-20T12:04:46.116773,False,87.9080750445285
SU00659,SocialUser659,397,84,2016-07-09T12:04:46.116777,True,81.94130836740844
SU00660,SocialUser660,285,80,2016-01-17T12:04:46.116781,True,63.6191550971792
SU00661,SocialUser661,953,27,2021-09-21T12:04:46.116785,True,70.76271991434987
SU00662,SocialUser662,650,68,2022-06-30T12:04:46.116790,False,94.34064222230647
SU00663,SocialUser663,867,86,2019-02-11T12:04:46.116794,False,83.96670332702337
SU00664,SocialUser664,826,50,2018-07-14T12:04:46.116798,True,9.975906488009034
SU00665,SocialUser665,780,9,2021-10-16T12:04:46.116802,False,66.81767698668683
SU00666,SocialUser666,559,57,2020-03-14T12:04:46.116807,True,6.324850796836423
SU00667,SocialUser667,910,54,2017-10-07T12:04:46.116811,True,31.46692291924278
SU00668,SocialUser668,282,31,2021-05-09T12:04:46.116815,False,4.834460639961624
SU00669,SocialUser669,363,84,2017-10-06T12:04:46.116819,True,1.4354855326715321
SU00670,SocialUser670,261,66,2020-01-21T12:04:46.116824,False,79.83486773527287
SU00671,SocialUser671,832,76,2014-12-10T12:04:46.116830,False,93.83075335741262
SU00672,SocialUser672,167,14,2016-08-26T12:04:46.116835,False,78.69401218650894
SU00673,SocialUser673,278,80,2022-05-30T12:04:46.116841,False,67.14049187132261
SU00674,SocialUser674,805,79,2019-08-06T12:04:46.116846,True,82.4747112787341
SU00675,SocialUser675,464,11,2022-09-08T12:04:46.116850,True,5.820563923837541
SU00676,SocialUser676,684,92,2018-03-21T12:04:46.116854,False,54.7157789985181
SU00677,SocialUser677,457,23,2018-07-05T12:04:46.116858,True,88.15024513645827
SU00678,SocialUser678,31,22,2020-06-24T12:04:46.116864,True,74.25236618157996
SU00679,SocialUser679,595,91,2018-06-04T12:04:46.116868,False,89.65346025609674
SU00680,SocialUser680,889,9,2022-10-22T12:04:46.116872,False,16.090433007145442
SU00681,SocialUser681,434,56,2017-02-15T12:04:46.116877,False,74.71251552294615
SU00682,SocialUser682,707,31,2017-12-13T12:04:46.116881,True,34.45340621409619
SU00683,SocialUser683,589,65,2015-07-21T12:04:46.116885,True,59.41358689218431
SU00684,SocialUser684,925,3,2016-11-29T12:04:46.116890,False,91.68053726589825
SU00685,SocialUser685,546,21,2021-01-08T12:04:46.116894,False,23.342399673955615
SU00686,SocialUser686,956,42,2024-02-10T12:04:46.116898,True,54.736066722081176
SU00687,SocialUser687,468,81,2017-10-25T12:04:46.116902,True,99.91422105993598
SU00688,SocialUser688,277,43,2016-06-13T12:04:46.116906,True,50.323415986331874
SU00689,SocialUser689,623,6,2020-05-27T12:04:46.116911,False,70.44243663290094
SU00690,SocialUser690,13,51,2021-09-14T12:04:46.116915,True,96.60256455844232
SU00691,SocialUser691,848,2,2017-08-13T12:04:46.116919,False,57.58972306530195
SU00692,SocialUser692,128,12,2018-08-15T12:04:46.116925,True,97.70737605263797
SU00693,SocialUser693,398,11,2023-01-28T12:04:46.116931,True,9.750852237185804
SU00694,SocialUser694,336,20,2022-08-18T12:04:46.116935,True,72.01775901888384
SU00695,SocialUser695,990,12,2015-09-06T12:04:46.116939,True,95.48052547052403
SU00696,SocialUser696,476,6,2019-04-01T12:04:46.116944,True,13.371120471638864
SU00697,SocialUser697,533,26,2024-06-03T12:04:46.116948,True,96.3288366047202
SU00698,SocialUser698,978,42,2024-08-29T12:04:46.116952,True,22.345470200008766
SU00699,SocialUser699,16,1,2021-04-17T12:04:46.116956,True,89.94703092729425
SU00700,SocialUser700,421,90,2020-08-24T12:04:46.116961,False,69.18562874538564
SU00701,SocialUser701,61,31,2019-09-30T12:04:46.116965,False,65.23648248974254
SU00702,SocialUser702,729,30,2019-09-12T12:04:46.116969,True,45.40812588421913
SU00703,SocialUser703,960,41,2016-05-22T12:04:46.116973,True,50.398529093992074
SU00704,SocialUser704,257,0,2015-03-28T12:04:46.116977,True,60.45903914299963
SU00705,SocialUser705,526,86,2019-02-14T12:04:46.116982,False,69.65200031452203
SU00706,SocialUser706,440,26,2020-04-05T12:04:46.116986,False,85.53097609060357
SU00707,SocialUser707,126,26,2015-09-06T12:04:46.116990,True,99.17019664153742
SU00708,SocialUser708,914,30,2017-06-17T12:04:46.116994,True,33.271148334077395
SU00709,SocialUser709,495,1,2015-01-10T12:04:46.116998,True,56.19334225003071
SU00710,SocialUser710,237,81,2019-07-28T12:04:46.117003,False,21.493261771603713
SU00711,SocialUser711,408,89,2015-11-13T12:04:46.117007,True,78.86591082170054
SU00712,SocialUser712,980,69,2018-08-05T12:04:46.117013,True,83.89205145709488
SU00713,SocialUser713,403,71,2022-02-16T12:04:46.117019,True,16.08800571701495
SU00714,SocialUser714,494,3,2021-07-29T12:04:46.117024,True,79.80358548774593
SU00715,SocialUser715,148,94,2017-04-29T12:04:46.117028,True,92.25551176379713
SU00716,SocialUser716,268,18,2023-02-27T12:04:46.117034,False,20.151097152669905
SU00717,SocialUser717,265,45,2015-02-15T12:04:46.117039,True,80.98075660645463
SU00718,SocialUser718,607,93,2016-06-26T12:04:46.117043,True,37.05759805295388
SU00719,SocialUser719,150,32,2024-02-24T12:04:46.117047,False,78.41021060731674
SU00720,SocialUser720,128,74,2024-01-23T12:04:46.117051,False,92.74617276118154
SU00721,SocialUser721,568,73,2022-07-16T12:04:46.117056,False,45.52322500517837
SU00722,SocialUser722,414,64,2022-06-15T12:04:46.117060,True,53.17674000231774
SU00723,SocialUser723,736,77,2019-01-26T12:04:46.117064,False,65.90940013053742
SU00724,SocialUser724,439,89,2020-07-23T12:04:46.117068,False,20.186985629463404
SU00725,SocialUser725,666,23,2015-05-26T12:04:46.117073,False,22.030616647473288
SU00726,SocialUser726,298,52,2017-06-24T12:04:46.117077,False,8.43761493751709
SU00727,SocialUser727,972,77,2015-07-19T12:04:46.117081,False,34.59124932628126
SU00728,SocialUser728,317,60,2021-01-21T12:04:46.117085,False,65.68945659363875
SU00729,SocialUser729,39,88,2021-12-06T12:04:46.117090,True,1.1354553541007228
SU00730,SocialUser730,712,12,2019-11-12T12:04:46.117096,True,62.138025973646194
SU00731,SocialUser731,298,5,2024-01-30T12:04:46.117101,True,66.34122317379914
SU00732,SocialUser732,951,79,2022-01-17T12:04:46.117107,True,77.61735799673849
SU00733,SocialUser733,822,73,2018-08-17T12:04:46.117112,False,28.89005586845509
SU00734,SocialUser734,247,42,2022-02-25T12:04:46.117118,True,51.2331868885251
SU00735,SocialUser735,537,40,2022-04-09T12:04:46.117122,False,34.97061475527053
SU00736,SocialUser736,608,40,2015-01-31T12:04:46.117126,False,78.45230995537571
SU00737,SocialUser737,154,56,2016-04-21T12:04:46.117131,True,90.39789159476487
SU00738,SocialUser738,867,44,2022-07-11T12:04:46.117135,True,94.20419085881512
SU00739,SocialUser739,131,69,2016-03-09T12:04:46.117139,False,93.63544089446007
SU00740,SocialUser740,980,26,2021-06-19T12:04:46.117144,False,11.185064194515492
SU00741,SocialUser741,148,14,2017-09-21T12:04:46.117148,True,99.32067235971185
SU00742,SocialUser742,779,58,2024-01-28T12:04:46.117152,False,9.674643215140065
SU00743,SocialUser743,339,47,2019-04-08T12:04:46.117157,False,40.789932376765215
SU00744,SocialUser744,389,100,2016-11-21T12:04:46.117161,False,83.02048753549
SU00745,SocialUser745,883,66,2016-05-13T12:04:46.117165,False,71.51488014296353
SU00746,SocialUser746,73,61,2020-10-12T12:04:46.117169,True,76.69848401927648
SU00747,SocialUser747,464,98,2015-08-23T12:04:46.117173,False,67.1900907468053
SU00748,SocialUser748,392,82,2019-05-16T12:04:46.117178,True,21.868499624711102
SU00749,SocialUser749,230,89,2018-08-31T12:04:46.117182,False,80.9911358952728
SU00750,SocialUser750,521,62,2022-11-05T12:04:46.117186,False,59.54628829413284
SU00751,SocialUser751,192,29,2020-04-04T12:04:46.117192,True,63.021895794226545
SU00752,SocialUser752,198,5,2017-10-19T12:04:46.117196,True,44.938662107046255
SU00753,SocialUser753,626,14,2018-04-28T12:04:46.117200,False,56.899214239324955
SU00754,SocialUser754,522,64,2020-03-30T12:04:46.117204,False,66.57775649752021
SU00755,SocialUser755,242,16,2018-11-15T12:04:46.117209,False,63.68761949297546
SU00756,SocialUser756,684,14,2024-07-26T12:04:46.117215,False,46.97918669593537
SU00757,SocialUser757,892,13,2021-10-03T12:04:46.117219,False,92.80178541381244
SU00758,SocialUser758,466,24,2021-03-18T12:04:46.117223,False,18.593380515184588
SU00759,SocialUser759,45,91,2017-03-26T12:04:46.117228,False,50.546421283895604
SU00760,SocialUser760,196,66,2021-08-25T12:04:46.117232,False,86.39545866352324
SU00761,SocialUser761,589,6,2014-12-20T12:04:46.117236,True,69.24036949253585
SU00762,SocialUser762,345,45,2015-03-25T12:04:46.117240,True,63.89772071204375
SU00763,SocialUser763,541,30,2021-07-09T12:04:46.117245,False,27.414996127222146
SU00764,SocialUser764,343,68,2019-03-20T12:04:46.117249,True,8.526601412721014
SU00765,SocialUser765,283,67,2019-10-04T12:04:46.117253,True,33.13941080696203
SU00766,SocialUser766,409,21,2023-07-06T12:04:46.117257,False,52.98453597547006
SU00767,SocialUser767,680,51,2018-04-17T12:04:46.117262,False,68.88307593124476
SU00768,SocialUser768,41,23,2017-05-26T12:04:46.117266,False,15.966217073698575
SU00769,SocialUser769,775,48,2016-02-23T12:04:46.117270,True,48.946366659773645
SU00770,SocialUser770,723,27,2020-02-23T12:04:46.117275,False,11.733218554391634
SU00771,SocialUser771,346,29,2019-07-20T12:04:46.117281,True,20.52008732500904
SU00772,SocialUser772,799,27,2018-06-10T12:04:46.117285,True,99.8835231746379
SU00773,SocialUser773,146,93,2016-03-05T12:04:46.117289,True,96.27786242330299
SU00774,SocialUser774,209,60,2017-01-12T12:04:46.117293,False,65.24943245187906
SU00775,SocialUser775,977,98,2016-07-09T12:04:46.117297,False,29.5864426803237
SU00776,SocialUser776,382,60,2016-01-20T12:04:46.117302,True,19.674622171492185
SU00777,SocialUser777,160,73,2015-09-01T12:04:46.117337,False,36.165836838240686
SU00778,SocialUser778,491,69,2017-09-07T12:04:46.117342,True,3.78601466998133
SU00779,SocialUser779,307,33,2014-12-20T12:04:46.117346,False,68.36689084224643
SU00780,SocialUser780,17,53,2018-12-30T12:04:46.117352,False,54.12230532787476
SU00781,SocialUser781,821,85,2022-07-18T12:04:46.117357,True,33.21216904808746
SU00782,SocialUser782,765,47,2015-05-25T12:04:46.117361,True,79.12477234459196
SU00783,SocialUser783,796,49,2024-03-16T12:04:46.117365,False,66.04408871323298
SU00784,SocialUser784,728,61,2014-10-17T12:04:46.117369,False,56.66718430315327
SU00785,SocialUser785,971,26,2017-03-22T12:04:46.117374,True,11.259933620642737
SU00786,SocialUser786,70,11,2016-02-08T12:04:46.117378,True,85.07384916839656
SU00787,SocialUser787,177,31,2016-10-22T12:04:46.117383,True,14.74823607491672
SU00788,SocialUser788,979,35,2020-12-27T12:04:46.117387,True,92.09962282497528
SU00789,SocialUser789,292,56,2019-05-15T12:04:46.117391,False,22.38822025983509
SU00790,SocialUser790,655,7,2017-06-07T12:04:46.117407,True,76.53237762664415
SU00791,SocialUser791,786,86,2017-10-11T12:04:46.117413,False,8.151741741717144
SU00792,SocialUser792,773,41,2022-08-24T12:04:46.117418,True,87.93598078045629
SU00793,SocialUser793,964,55,2017-09-05T12:04:46.117423,False,17.898468138755884
SU00794,SocialUser794,254,5,2017-08-07T12:04:46.117427,True,17.067126215374785
SU00795,SocialUser795,549,100,2024-02-20T12:04:46.117431,False,33.95881899754827
SU00796,SocialUser796,461,76,2014-10-14T12:04:46.117436,True,83.14560140399917
SU00797,SocialUser797,456,29,2023-10-23T12:04:46.117440,True,86.26848150668455
SU00798,SocialUser798,894,83,2022-02-16T12:04:46.117469,False,75.65961566552939
SU00799,SocialUser799,860,59,2024-08-03T12:04:46.117473,True,28.139541529184186
SU00800,SocialUser800,152,91,2015-11-19T12:04:46.117477,False,14.040429681350686
SU00801,SocialUser801,191,94,2020-11-12T12:04:46.117482,True,76.92918529719847
SU00802,SocialUser802,617,97,2015-12-30T12:04:46.117486,False,97.75769807000088
SU00803,SocialUser803,368,83,2017-11-26T12:04:46.117490,True,34.319791111304085
SU00804,SocialUser804,221,92,2015-04-01T12:04:46.117494,True,24.838040460308164
SU00805,SocialUser805,656,50,2021-03-10T12:04:46.117498,False,63.58109450773426
SU00806,SocialUser806,65,71,2017-10-07T12:04:46.117503,True,92.81249496397301
SU00807,SocialUser807,3,99,2017-06-11T12:04:46.117507,False,81.99156491690431
SU00808,SocialUser808,418,46,2023-01-22T12:04:46.117511,False,88.31897529255434
SU00809,SocialUser809,971,94,2017-01-20T12:04:46.117515,True,56.183942545183406
SU00810,SocialUser810,767,70,2017-11-24T12:04:46.117522,False,89.72462231323065
SU00811,SocialUser811,820,97,2016-04-16T12:04:46.117526,False,16.333953686594093
SU00812,SocialUser812,635,78,2015-06-19T12:04:46.117531,False,40.76851069624111
SU00813,SocialUser813,413,59,2017-11-19T12:04:46.117535,True,35.59478065565238
SU00814,SocialUser814,179,54,2022-02-02T12:04:46.117539,False,25.70551311786693
SU00815,SocialUser815,650,77,2017-05-13T12:04:46.117543,False,75.85356053536842
SU00816,SocialUser816,862,1,2022-05-28T12:04:46.117547,True,1.6825024730092286
SU00817,SocialUser817,545,71,2022-04-14T12:04:46.117552,True,31.529641573525346
SU00818,SocialUser818,585,37,2019-04-18T12:04:46.117556,False,34.874682849107884
SU00819,SocialUser819,798,19,2020-09-20T12:04:46.117562,True,12.891603839618092
SU00820,SocialUser820,684,84,2018-03-10T12:04:46.117566,True,31.692517335841163
SU00821,SocialUser821,239,100,2022-11-21T12:04:46.117571,True,88.00188785159797
SU00822,SocialUser822,643,20,2015-09-12T12:04:46.117575,True,24.098136556786965
SU00823,SocialUser823,968,75,2024-04-19T12:04:46.117579,False,68.88222426434515
SU00824,SocialUser824,433,59,2018-02-26T12:04:46.117584,True,19.495300701302597
SU00825,SocialUser825,250,78,2021-01-23T12:04:46.117588,True,41.36178066874287
SU00826,SocialUser826,230,35,2018-01-25T12:04:46.117592,False,87.05171080461668
SU00827,SocialUser827,411,6,2019-02-07T12:04:46.117596,False,55.371934909263366
SU00828,SocialUser828,938,99,2019-02-28T12:04:46.117601,True,11.755197665297734
SU00829,SocialUser829,457,76,2015-11-17T12:04:46.117606,False,25.47769103807742
SU00830,SocialUser830,44,67,2020-12-12T12:04:46.117611,False,69.22362904220533
SU00831,SocialUser831,6,70,2023-01-18T12:04:46.117617,True,59.87025957536415
SU00832,SocialUser832,331,26,2024-06-09T12:04:46.117621,True,17.24429348936749
SU00833,SocialUser833,56,91,2020-10-19T12:04:46.117625,True,75.21870805654872
SU00834,SocialUser834,916,52,2023-01-31T12:04:46.117630,False,89.65643075132591
SU00835,SocialUser835,373,37,2021-03-30T12:04:46.117634,False,24.838615177791567
SU00836,SocialUser836,688,80,2018-06-17T12:04:46.117638,False,28.655395331912615
SU00837,SocialUser837,484,83,2023-12-22T12:04:46.117642,True,59.251419994075995
SU00838,SocialUser838,838,59,2016-05-07T12:04:46.117647,False,4.782054847847384
SU00839,SocialUser839,896,5,2017-09-17T12:04:46.117651,False,71.13287440774798
SU00840,SocialUser840,635,3,2020-10-04T12:04:46.117655,False,70.8783137007095
SU00841,SocialUser841,339,10,2018-11-27T12:04:46.117662,True,91.03490258359939
SU00842,SocialUser842,344,47,2015-12-02T12:04:46.117666,True,84.6910067276443
SU00843,SocialUser843,504,90,2018-12-14T12:04:46.117671,False,26.87224046184723
SU00844,SocialUser844,443,79,2023-10-04T12:04:46.117675,True,78.7877902675932
SU00845,SocialUser845,376,59,2022-10-19T12:04:46.117679,False,95.05516948064631
SU00846,SocialUser846,102,17,2017-11-20T12:04:46.117683,True,85.65048652491102
SU00847,SocialUser847,321,77,2021-04-23T12:04:46.117688,True,67.69105863107612
SU00848,SocialUser848,222,78,2015-02-10T12:04:46.117692,False,49.35246597199614
SU00849,SocialUser849,337,94,2017-08-22T12:04:46.117698,False,9.537492782751055
SU00850,SocialUser850,380,63,2022-09-03T12:04:46.117702,False,72.87864527663001
SU00851,SocialUser851,189,61,2023-07-19T12:04:46.117707,True,60.76567732790219
SU00852,SocialUser852,897,68,2021-10-30T12:04:46.117711,False,56.89983461832199
SU00853,SocialUser853,602,9,2022-12-15T12:04:46.117715,False,27.910157536102954
SU00854,SocialUser854,802,42,2023-01-13T12:04:46.117719,True,96.47701002640208
SU00855,SocialUser855,782,29,2016-09-24T12:04:46.117724,True,9.043874606391089
SU00856,SocialUser856,806,40,2023-05-23T12:04:46.117728,True,75.25067543545231
SU00857,SocialUser857,748,9,2022-11-05T12:04:46.117732,False,69.45335102464931
SU00858,SocialUser858,144,78,2016-08-07T12:04:46.117737,True,72.7410018866663
SU00859,SocialUser859,840,86,2022-06-11T12:04:46.117741,False,51.723344767510014
SU00860,SocialUser860,334,64,2016-06-21T12:04:46.117745,False,82.40926263373694
SU00861,SocialUser861,741,61,2024-09-13T12:04:46.117750,False,13.11462086058135
SU00862,SocialUser862,452,38,2017-09-19T12:04:46.117758,False,4.655049416145419
SU00863,SocialUser863,352,84,2015-01-13T12:04:46.117762,False,46.62746050272955
SU00864,SocialUser864,514,9,2018-01-24T12:04:46.117766,True,10.378687252045681
SU00865,SocialUser865,662,40,2024-06-07T12:04:46.117770,False,10.514408972103473
SU00866,SocialUser866,853,40,2023-05-31T12:04:46.117775,True,61.41284668337113
SU00867,SocialUser867,431,46,2018-05-14T12:04:46.117779,True,37.76986717702844
SU00868,SocialUser868,816,39,2019-03-08T12:04:46.117785,True,60.07670120967356
SU00869,SocialUser869,66,0,2017-04-08T12:04:46.117789,False,85.34416804827175
SU00870,SocialUser870,943,31,2018-02-22T12:04:46.117794,True,70.15480627658928
SU00871,SocialUser871,540,88,2024-06-20T12:04:46.117798,True,68.31536127690212
SU00872,SocialUser872,687,2,2021-06-25T12:04:46.117802,True,8.921671421832167
SU00873,SocialUser873,897,65,2017-07-18T12:04:46.117808,False,13.198903461207657
SU00874,SocialUser874,355,13,2018-05-21T12:04:46.117812,True,64.93833000418444
SU00875,SocialUser875,316,30,2023-10-18T12:04:46.117816,False,12.724546579623707
SU00876,SocialUser876,750,70,2022-04-30T12:04:46.117821,True,98.75661759290388
SU00877,SocialUser877,599,24,2015-11-15T12:04:46.117825,True,8.5617512711747
SU00878,SocialUser878,566,55,2022-09-27T12:04:46.117829,True,52.28647073760698
SU00879,SocialUser879,715,47,2020-05-13T12:04:46.117833,False,41.004600860058794
SU00880,SocialUser880,97,96,2018-12-29T12:04:46.117838,False,95.54937139613301
SU00881,SocialUser881,963,41,2016-05-07T12:04:46.117842,True,97.39951061369098
SU00882,SocialUser882,814,36,2021-05-14T12:04:46.117848,False,73.85276025892793
SU00883,SocialUser883,604,17,2018-04-11T12:04:46.117854,False,25.941747399104486
SU00884,SocialUser884,993,5,2017-05-28T12:04:46.117859,False,12.58536358630602
SU00885,SocialUser885,179,33,2021-07-12T12:04:46.117863,True,2.951896024385481
SU00886,SocialUser886,984,84,2016-12-08T12:04:46.117867,False,70.77551723738715
SU00887,SocialUser887,214,88,2022-06-10T12:04:46.117871,True,27.85098459022014
SU00888,SocialUser888,131,2,2020-12-11T12:04:46.117878,False,41.99299226075812
SU00889,SocialUser889,139,55,2018-04-25T12:04:46.117882,True,97.08143007712201
SU00890,SocialUser890,700,23,2024-08-16T12:04:46.117886,False,30.134936772053646
SU00891,SocialUser891,58,98,2024-09-08T12:04:46.117890,False,21.66809072575805
SU00892,SocialUser892,381,78,2021-03-06T12:04:46.117895,False,79.98259020589413
SU00893,SocialUser893,421,59,2021-01-13T12:04:46.117899,False,34.21075824833157
SU00894,SocialUser894,342,64,2014-11-01T12:04:46.117904,False,66.23606971590219
SU00895,SocialUser895,536,89,2021-07-20T12:04:46.117908,True,55.065556265391216
SU00896,SocialUser896,220,63,2022-04-29T12:04:46.117912,True,96.02123756951536
SU00897,SocialUser897,760,67,2024-04-17T12:04:46.117917,False,78.71977585079263
SU00898,SocialUser898,875,61,2018-05-25T12:04:46.117921,False,7.972748259371798
SU00899,SocialUser899,186,92,2022-06-27T12:04:46.117925,True,57.03574197630935
SU00900,SocialUser900,511,13,2019-02-21T12:04:46.117930,True,52.79213737993985
SU00901,SocialUser901,119,13,2020-07-05T12:04:46.117934,True,70.74729255344707
SU00902,SocialUser902,983,32,2016-11-24T12:04:46.117938,True,40.433518798928766
SU00903,SocialUser903,384,28,2022-01-03T12:04:46.117943,False,16.27046791860257
SU00904,SocialUser904,472,47,2018-03-05T12:04:46.117949,False,35.80238796548416
SU00905,SocialUser905,10,73,2020-12-03T12:04:46.117960,True,83.95031502758931
SU00906,SocialUser906,412,89,2018-03-17T12:04:46.117965,False,52.978062566977044
SU00907,SocialUser907,965,25,2017-09-03T12:04:46.117970,True,32.5201554526965
SU00908,SocialUser908,853,35,2019-07-03T12:04:46.117975,False,71.23619574842353
SU00909,SocialUser909,620,68,2015-03-18T12:04:46.117979,True,95.36808682714702
SU00910,SocialUser910,113,87,2024-06-30T12:04:46.117983,False,70.19048374275386
SU00911,SocialUser911,471,48,2019-07-27T12:04:46.117989,True,57.66088842979974
SU00912,SocialUser912,225,12,2022-12-30T12:04:46.117994,True,65.11731270206883
SU00913,SocialUser913,435,68,2019-02-26T12:04:46.117998,True,81.64263862625585
SU00914,SocialUser914,962,99,2017-12-16T12:04:46.118003,True,33.32512138819317
SU00915,SocialUser915,648,30,2022-08-12T12:04:46.118007,False,44.816285289917566
SU00916,SocialUser916,568,85,2017-03-28T12:04:46.118011,False,92.78484094881327
SU00917,SocialUser917,141,53,2016-12-04T12:04:46.118016,False,36.80119647238372
SU00918,SocialUser918,38,68,2018-05-14T12:04:46.118020,True,81.63237613172487
SU00919,SocialUser919,799,95,2021-12-28T12:04:46.118024,True,73.04288002175325
SU00920,SocialUser920,572,19,2024-08-21T12:04:46.118042,False,81.57129384176164
SU00921,SocialUser921,134,13,2023-10-13T12:04:46.118049,False,1.019124036180763
SU00922,SocialUser922,963,64,2020-11-01T12:04:46.118054,True,45.432513899732555
SU00923,SocialUser923,226,9,2023-06-07T12:04:46.118059,False,99.42783563521948
SU00924,SocialUser924,316,22,2024-04-28T12:04:46.118063,True,39.340949895682144
SU00925,SocialUser925,79,97,2014-10-25T12:04:46.118068,False,75.06441120692877
SU00926,SocialUser926,491,13,2021-01-28T12:04:46.118075,False,38.31310806088294
SU00927,SocialUser927,837,37,2023-08-21T12:04:46.118096,True,13.486093639812502
SU00928,SocialUser928,883,29,2016-10-19T12:04:46.118100,False,57.48767144053403
SU00929,SocialUser929,166,53,2023-01-23T12:04:46.118105,False,35.71933938754221
SU00930,SocialUser930,61,60,2015-01-31T12:04:46.118109,False,54.958068500656665
SU00931,SocialUser931,8,78,2023-10-13T12:04:46.118113,False,69.10906614674607
SU00932,SocialUser932,561,75,2016-02-16T12:04:46.118117,True,49.5256719933274
SU00933,SocialUser933,880,19,2021-08-17T12:04:46.118122,True,45.3272009392135
SU00934,SocialUser934,466,37,2018-11-22T12:04:46.118128,False,22.485531844961713
SU00935,SocialUser935,749,32,2021-08-25T12:04:46.118132,True,23.898196478566646
SU00936,SocialUser936,822,83,2015-05-03T12:04:46.118137,True,52.49684595148647
SU00937,SocialUser937,689,24,2015-05-14T12:04:46.118142,True,47.79453316636524
SU00938,SocialUser938,535,100,2023-01-11T12:04:46.118147,False,50.19844320205006
SU00939,SocialUser939,573,27,2021-05-12T12:04:46.118151,True,26.743823833038327
SU00940,SocialUser940,12,42,2024-05-05T12:04:46.118155,True,29.24800950238392
SU00941,SocialUser941,807,1,2019-05-07T12:04:46.118160,True,81.93670233829539
SU00942,SocialUser942,635,76,2015-09-30T12:04:46.118164,False,49.8647031668473
SU00943,SocialUser943,225,26,2015-04-12T12:04:46.118168,True,2.372592725479117
SU00944,SocialUser944,871,11,2024-08-04T12:04:46.118172,True,62.422342875031276
SU00945,SocialUser945,804,91,2016-02-03T12:04:46.118176,False,9.986038085050419
SU00946,SocialUser946,844,71,2022-10-20T12:04:46.118184,True,42.66023061915194
SU00947,SocialUser947,230,20,2023-05-20T12:04:46.118190,False,39.95766563288905
SU00948,SocialUser948,891,39,2021-04-19T12:04:46.118194,True,84.88599153245676
SU00949,SocialUser949,597,13,2015-07-19T12:04:46.118199,False,82.97579193666904
SU00950,SocialUser950,781,93,2017-06-20T12:04:46.118203,False,32.114235793208415
SU00951,SocialUser951,629,69,2020-11-06T12:04:46.118207,False,22.717763921659305
SU00952,SocialUser952,848,79,2017-09-17T12:04:46.118211,False,64.40884637791645
SU00953,SocialUser953,276,39,2015-10-03T12:04:46.118216,True,57.693505815463034
SU00954,SocialUser954,592,35,2015-09-25T12:04:46.118220,False,39.221268328457285
SU00955,SocialUser955,794,65,2015-05-01T12:04:46.118224,True,1.0362771450467712
SU00956,SocialUser956,780,95,2016-01-05T12:04:46.118228,False,18.38988225495647
SU00957,SocialUser957,285,1,2020-09-15T12:04:46.118232,False,35.12251534117598
SU00958,SocialUser958,659,82,2021-09-12T12:04:46.118237,True,32.09569313786129
SU00959,SocialUser959,385,39,2022-08-30T12:04:46.118241,False,90.69940808859954
SU00960,SocialUser960,212,13,2016-02-11T12:04:46.118245,False,69.55405977026759
SU00961,SocialUser961,191,55,2017-09-01T12:04:46.118249,False,40.944915449022226
SU00962,SocialUser962,189,71,2017-03-30T12:04:46.118253,False,81.26869361941641
SU00963,SocialUser963,862,78,2019-01-27T12:04:46.118258,True,36.204061378095886
SU00964,SocialUser964,501,18,2020-12-12T12:04:46.118262,False,19.44353279305917
SU00965,SocialUser965,419,96,2021-09-15T12:04:46.118267,True,76.03641168213443
SU00966,SocialUser966,879,70,2019-12-09T12:04:46.118273,True,51.96886984425446
SU00967,SocialUser967,708,84,2015-04-08T12:04:46.118277,True,7.069731114069755
SU00968,SocialUser968,789,79,2022-09-19T12:04:46.118283,False,77.9452740049189
SU00969,SocialUser969,450,63,2022-10-01T12:04:46.118287,True,72.14875975055509
SU00970,SocialUser970,211,54,2024-09-06T12:04:46.118292,False,49.39179448462412
SU00971,SocialUser971,53,95,2017-04-30T12:04:46.118296,False,19.69656047839151
SU00972,SocialUser972,843,65,2022-04-22T12:04:46.118300,True,90.47329917439791
SU00973,SocialUser973,455,16,2019-10-26T12:04:46.118307,False,21.120243084829106
SU00974,SocialUser974,711,70,2014-12-18T12:04:46.118311,True,86.2418304905122
SU00975,SocialUser975,397,56,2017-07-16T12:04:46.118315,False,68.38696157337475
SU00976,SocialUser976,403,33,2018-07-25T12:04:46.118320,True,68.14946419886842
SU00977,SocialUser977,908,16,2017-07-26T12:04:46.118324,True,7.556763412753453
SU00978,SocialUser978,383,1,2016-07-02T12:04:46.118328,True,11.841069950755712
SU00979,SocialUser979,440,40,2021-05-17T12:04:46.118332,True,47.13366381149956
SU00980,SocialUser980,398,20,2020-10-16T12:04:46.118336,True,5.256895259979655
SU00981,SocialUser981,714,92,2021-01-14T12:04:46.118341,True,40.491223470341055
SU00982,SocialUser982,578,100,2014-10-23T12:04:46.118345,True,63.4893131434899
SU00983,SocialUser983,352,49,2021-10-23T12:04:46.118349,False,13.814079048844219
SU00984,SocialUser984,185,37,2018-08-06T12:04:46.118355,False,56.72968533477219
SU00985,SocialUser985,782,17,2021-08-10T12:04:46.118361,False,88.14520365023597
SU00986,SocialUser986,206,28,2021-06-04T12:04:46.118365,True,43.57117272541179
SU00987,SocialUser987,316,26,2015-04-01T12:04:46.118369,True,87.049433911399
SU00988,SocialUser988,421,5,2020-02-28T12:04:46.118373,True,55.74647743600828
SU00989,SocialUser989,356,22,2021-10-08T12:04:46.118379,False,86.66393685641228
SU00990,SocialUser990,161,75,2015-03-15T12:04:46.118384,True,37.50550174546581
SU00991,SocialUser991,297,57,2018-03-30T12:04:46.118388,True,1.7411180693404193
SU00992,SocialUser992,48,45,2014-12-24T12:04:46.118392,True,70.36485963874334
SU00993,SocialUser993,933,72,2017-05-16T12:04:46.118396,False,86.40728618300737
SU00994,SocialUser994,762,40,2021-02-03T12:04:46.118400,True,44.421907174800154
SU00995,SocialUser995,121,21,2015-05-04T12:04:46.118405,False,62.463509633960676
SU00996,SocialUser996,913,53,2023-05-29T12:04:46.118409,True,71.00694236065377
SU00997,SocialUser997,435,35,2021-02-18T12:04:46.118413,True,61.809443342315184
SU00998,SocialUser998,367,73,2019-10-18T12:04:46.118417,True,38.30240952904395
SU00999,SocialUser999,359,78,2019-10-22T12:04:46.118422,True,46.36272148460516
