user_id,interest_id,affinity_score
SU00000,I001,0.8244160888103097
SU00000,I008,0.20862981714303097
SU00001,I008,0.9354705057511997
SU00002,I009,0.5632141391978716
SU00003,I000,0.1462516478073025
SU00003,I006,0.5111786573960634
SU00003,I002,0.8868076215342996
SU00004,I002,0.7158612165965497
SU00005,I007,0.6809361377731411
SU00006,I003,0.7930037800799298
SU00006,I005,0.471918368920759
SU00007,I007,0.484636582113106
SU00008,I001,0.07033949236439163
SU00008,I002,0.8389880559051168
SU00009,I007,0.48050346340620953
SU00010,I008,0.7888902026619509
SU00010,I000,0.9085479077571342
SU00010,I007,0.2957796047556249
SU00011,I000,0.5918687777737937
SU00012,I001,0.5551850896703101
SU00012,I007,0.6148520939221166
SU00013,I000,0.5947803026977185
SU00014,I009,0.3654617200820721
SU00014,I004,0.489511877053611
SU00014,I008,0.8168509173866829
SU00015,I007,0.3452440489037909
SU00015,I004,0.3947060895597335
SU00016,I003,0.38524532291758296
SU00016,I002,0.5991023491901263
SU00017,I004,0.5290692636359715
SU00017,I001,0.45116142402493253
SU00018,I007,0.2946676131036783
SU00018,I003,0.7792602915646734
SU00019,I008,0.6891746947266446
SU00020,I008,0.22441859083524385
SU00020,I005,0.9709735737049584
SU00020,I007,0.8977653278282853
SU00021,I009,0.5203863594414199
SU00021,I002,0.8200050984400963
SU00021,I005,0.6599866580406307
SU00022,I007,0.012691291308036812
SU00023,I009,0.2998511914869755
SU00024,I002,0.965650709065529
SU00024,I009,0.9826122528985315
SU00024,I006,0.40226719680926093
SU00025,I008,0.9123189307303302
SU00026,I004,0.4841830410099587
SU00027,I007,0.1738509312422597
SU00027,I003,0.46621300057484794
SU00027,I001,0.18287124960371615
SU00028,I001,0.49027443685771055
SU00029,I000,0.5258698919772622
SU00029,I002,0.7411985856373587
SU00030,I001,0.029022075909264866
SU00030,I003,0.8633278618895394
SU00030,I004,0.22746676506038455
SU00031,I002,0.31794254782543396
SU00031,I008,0.5056943800397974
SU00031,I001,0.8701620264725795
SU00032,I007,0.6883578089429169
SU00032,I003,0.12259462229652607
SU00033,I004,0.16536064073511325
SU00033,I001,0.46065612445278126
SU00034,I002,0.3360934213740401
SU00034,I006,0.32538942915076685
SU00035,I003,0.6893343956345285
SU00035,I006,0.9113115413077374
SU00035,I002,0.7758836909210043
SU00036,I006,0.8894045985878914
SU00036,I008,0.20888488537685945
SU00036,I005,0.7265101864790838
SU00037,I001,0.12859921249799644
SU00037,I009,0.26692060915059
SU00037,I004,0.9152123323999888
SU00038,I007,0.9639337942790066
SU00039,I005,0.023758069913340063
SU00039,I000,0.05511785601281638
SU00040,I000,0.6784491996083388
SU00040,I004,0.4442715590362384
SU00040,I008,0.03766479054883787
SU00041,I005,0.4181882670442193
SU00041,I004,0.006649554781071321
SU00041,I008,0.9336882369725163
SU00042,I008,0.23055385387198957
SU00042,I000,0.6138449261680983
SU00042,I003,0.07485127422631144
SU00043,I001,0.04996071453186102
SU00043,I009,0.2650800746458264
SU00043,I002,0.6410292835892123
SU00044,I004,0.876097253809943
SU00044,I003,0.11406790843627956
SU00044,I007,0.4634765336955161
SU00045,I003,0.7896991119855126
SU00046,I005,0.4570030953873633
SU00046,I000,0.5167320096730328
SU00046,I009,0.4286905347017118
SU00047,I008,0.8168565949711982
SU00047,I009,0.5622991026647699
SU00047,I003,0.08879090365892606
SU00048,I005,0.5927356725733651
SU00048,I003,0.7503955923496627
SU00049,I006,0.1265398429736203
SU00049,I002,0.1963505793997703
SU00050,I002,0.13103928926025799
SU00050,I004,0.38718475176849376
SU00051,I006,0.3652646408373781
SU00051,I009,0.07925900913112416
SU00052,I002,0.7213955289353976
SU00052,I000,0.594239466644822
SU00052,I003,0.9807647346846887
SU00053,I001,0.8920898114406889
SU00053,I006,0.8442351687596169
SU00054,I000,0.390814760800394
SU00055,I008,0.3542829215188785
SU00056,I004,0.6732981436048759
SU00057,I000,0.2856801054268119
SU00057,I003,0.7185104688106794
SU00058,I000,0.7888436408974661
SU00058,I009,0.786281781726571
SU00058,I007,0.000505509809780258
SU00059,I002,0.4030945828213979
SU00059,I003,0.907735426759413
SU00060,I003,0.08099295716796406
SU00061,I002,0.5150226660764494
SU00061,I009,0.0059424248141655145
SU00062,I004,0.45622533499196993
SU00062,I000,0.9915370522678439
SU00063,I001,0.3818957393559159
SU00063,I005,0.3217024153801835
SU00064,I000,0.6387865099088876
SU00064,I004,0.2168720065714388
SU00064,I001,0.34369767486375136
SU00065,I005,0.26082527865828586
SU00066,I000,0.3365555622478825
SU00066,I009,0.7371377286215791
SU00066,I005,0.6601468087468774
SU00067,I004,0.5491944230543623
SU00067,I009,0.4317231109548274
SU00068,I006,0.11546639973980755
SU00068,I004,0.7474166157551793
SU00069,I001,0.9479900278064919
SU00070,I008,0.16580345249895123
SU00071,I000,0.4422335725193174
SU00071,I008,0.7407157665938853
SU00072,I009,0.10730604653828257
SU00072,I006,0.8975277966097552
SU00072,I004,0.6344327782363318
SU00073,I003,0.076637720842748
SU00073,I001,0.8829031180658637
SU00073,I009,0.35970244316168987
SU00074,I008,0.07921065051643184
SU00075,I007,0.23223728596003967
SU00075,I000,0.8250315409436472
SU00075,I003,0.27652631831556973
SU00076,I006,0.17138463709327012
SU00076,I000,0.37918388172613426
SU00076,I002,0.5312794038724596
SU00077,I006,0.7012066981359809
SU00078,I007,0.7911815626001129
SU00078,I009,0.8006411749518951
SU00079,I002,0.495116826681925
SU00080,I001,0.434931542293839
SU00081,I008,0.33863204316926465
SU00082,I009,0.4400645017606547
SU00082,I008,0.8989523452056933
SU00083,I001,0.6619509697354424
SU00083,I004,0.595188914507469
SU00084,I004,0.7240893134846955
SU00085,I000,0.5013249446632482
SU00085,I002,0.9340766199228583
SU00086,I001,0.7889161975287305
SU00086,I002,0.9499919081590809
SU00087,I001,0.7545624855175465
SU00087,I005,0.16974970099781916
SU00087,I009,0.4788138346486761
SU00088,I008,0.285555520167862
SU00089,I007,0.6538346485590039
SU00089,I008,0.12526281339418088
SU00089,I009,0.5160085811706484
SU00090,I003,0.6778394701130622
SU00090,I001,0.8997637106709289
SU00090,I000,0.8523867153719372
SU00091,I000,0.30417830553689706
SU00092,I001,0.19495080595555514
SU00092,I005,0.015797796043959478
SU00092,I004,0.1621171218979136
SU00093,I007,0.9291169456516748
SU00094,I007,0.06748283230576413
SU00094,I006,0.269880360389513
SU00095,I009,0.05561209528240996
SU00095,I006,0.9516958927638545
SU00095,I005,0.5232442110991153
SU00096,I004,0.9876958240543627
SU00097,I009,0.29415157243709567
SU00098,I007,0.5150946121702514
SU00098,I004,0.14105013947259604
SU00098,I001,0.8306480715398886
SU00099,I008,0.9676851210247818
SU00100,I000,0.523079267629875
SU00101,I006,0.3507154228703473
SU00101,I002,0.40022105356677207
SU00102,I000,0.44696619772556223
SU00102,I008,0.17055027089505315
SU00102,I009,0.2258842841623082
SU00103,I002,0.8279805789917875
SU00103,I006,0.5864835769114513
SU00103,I003,0.7874058772897572
SU00104,I004,0.43484063942606443
SU00104,I008,0.6960060144364925
SU00104,I000,0.7039950792561606
SU00105,I003,0.8800846282929738
SU00105,I007,0.2722306713648326
SU00105,I004,0.4182902109032046
SU00106,I000,0.10807986031615935
SU00106,I006,0.07305977350316817
SU00107,I000,0.6546888784548185
SU00108,I004,0.7342054791074489
SU00108,I002,0.5175550601249577
SU00108,I009,0.5504032982731484
SU00109,I001,0.6935351160715775
SU00110,I008,0.9382400826669642
SU00110,I005,0.20162482803185244
SU00110,I006,0.2045328721030255
SU00111,I007,0.1520809359538129
SU00112,I002,0.15408050979448762
SU00112,I001,0.15025718306721558
SU00113,I004,0.33027911215123473
SU00113,I009,0.9684579434933365
SU00114,I008,0.4287690444117159
SU00114,I005,0.6503580131800532
SU00114,I007,0.9790146450407285
SU00115,I006,0.5477384727639135
SU00115,I008,0.28058082828665964
SU00115,I000,0.6188808875630131
SU00116,I008,0.550078540912636
SU00116,I000,0.3381372092567456
SU00116,I007,0.4071509308093274
SU00117,I009,0.1360202729118859
SU00118,I003,0.940552986655516
SU00118,I002,0.3829900431349198
SU00119,I003,0.2437958159738316
SU00119,I000,0.9486878996376971
SU00119,I007,0.7662315600601737
SU00120,I004,0.4855602220779359
SU00121,I008,0.5055219270799631
SU00122,I004,0.6880397156291046
SU00123,I006,0.508703288274638
SU00124,I009,0.9301700567501016
SU00124,I000,0.5076757198776195
SU00125,I002,0.458289273494325
SU00126,I005,0.006478542942211951
SU00127,I000,0.7930092424711882
SU00128,I005,0.6843980482448297
SU00128,I003,0.9356658583309596
SU00128,I009,0.9365460528083259
SU00129,I006,0.09368257692371806
SU00129,I000,0.7987390750618396
SU00130,I003,0.19993786360781474
SU00130,I009,0.47805192799966767
SU00131,I008,0.49472448218803355
SU00131,I007,0.9799182061146658
SU00132,I002,0.11116238128424694
SU00132,I001,0.16789034700508676
SU00133,I008,0.9397373613881768
SU00133,I003,0.39238914953149795
SU00133,I005,0.5122980870289882
SU00134,I000,0.7817059942580267
SU00135,I006,0.7169530281940263
SU00135,I000,0.9559513224950158
SU00136,I004,0.15940942637526168
SU00136,I001,0.0025203578144764593
SU00137,I006,0.6230782685260485
SU00138,I002,0.32640109707375475
SU00138,I008,0.6464587142046084
SU00138,I009,0.9560487695129622
SU00139,I004,0.6635386432761832
SU00139,I009,0.6052126155600546
SU00139,I008,0.043659841650966036
SU00140,I002,0.1674696373612642
SU00140,I006,0.9124391498528932
SU00141,I004,0.06798523151927127
SU00141,I005,0.2814433231837018
SU00142,I009,0.9550433294128876
SU00142,I008,0.5721486863625196
SU00143,I002,0.8545258526919652
SU00143,I005,0.20019975626877573
SU00143,I008,0.2348814138298415
SU00144,I006,0.23566887069926878
SU00145,I009,0.11282328280218934
SU00145,I003,0.957888445762802
SU00146,I007,0.781947995178139
SU00146,I000,0.01207278352743646
SU00147,I002,0.6088426436184045
SU00147,I008,0.288066809332842
SU00148,I000,0.004601270682309755
SU00148,I001,0.4347197548698303
SU00149,I002,0.9118418458455211
SU00149,I005,0.008397674619233686
SU00149,I009,0.16274036689786675
SU00150,I002,0.02543198684452963
SU00151,I000,0.46678770828663696
SU00152,I006,0.2416396095744242
SU00152,I004,0.7563840966962061
SU00153,I008,0.5355822320716229
SU00153,I009,0.31407465846511573
SU00154,I006,0.6017065085634588
SU00155,I004,0.7246069386553503
SU00155,I000,0.4670368987256971
SU00155,I009,0.6542569297373474
SU00156,I008,0.7658106610774856
SU00156,I004,0.08809215381594449
SU00157,I008,0.5158827530457001
SU00157,I003,0.8992915947265955
SU00157,I005,0.09174786887198849
SU00158,I000,0.36553977825927253
SU00158,I001,0.5586893255303896
SU00159,I009,0.782900322624568
SU00159,I001,0.05186772945135765
SU00159,I008,0.5783497613752344
SU00160,I006,0.5660726931354214
SU00161,I004,0.6960876226118208
SU00161,I000,0.01571213538671523
SU00161,I006,0.28036336931453043
SU00162,I000,0.43842979612325994
SU00163,I009,0.9251604548155151
SU00164,I000,0.2900872369870652
SU00165,I004,0.14162907858960105
SU00165,I000,0.4501256379952405
SU00166,I002,0.2796774904217476
SU00166,I001,0.5334918743279172
SU00167,I005,0.22943299191626498
SU00168,I004,0.13142368811902305
SU00169,I006,0.4469507421513722
SU00169,I002,0.1453579901710006
SU00170,I004,0.8021721919622724
SU00170,I000,0.7425679352670408
SU00170,I003,0.9996286044934718
SU00171,I002,0.8701639554132087
SU00171,I006,0.6665937969722164
SU00172,I006,0.9423057280684456
SU00172,I008,0.9838950497675644
SU00172,I001,0.03841182868606696
SU00173,I009,0.4522293663253222
SU00173,I003,0.7209097901094679
SU00173,I004,0.013130236331579836
SU00174,I003,0.7455937872384351
SU00174,I009,0.47461001442697726
SU00175,I000,0.6224011628533609
SU00175,I004,0.8134295881843622
SU00176,I004,0.20129558400533576
SU00177,I002,0.5617998462277461
SU00177,I004,0.6628188897479999
SU00178,I009,0.0915791834923958
SU00178,I004,0.6367246271750713
SU00179,I004,0.28890161780697554
SU00179,I007,0.46548586697374805
SU00180,I004,0.8736539038050356
SU00181,I007,0.8234648137674443
SU00181,I000,0.08944570103034144
SU00181,I001,0.2669434024401449
SU00182,I007,0.6340173430792639
SU00182,I002,0.02325896551639095
SU00183,I002,0.379483702628274
SU00183,I007,0.3276355253831881
SU00183,I006,0.5998347889989661
SU00184,I007,0.26179588310306534
SU00184,I000,0.6775903972791557
SU00185,I004,0.7576132997211156
SU00186,I004,0.14793021661519534
SU00187,I005,0.30802698643821
SU00187,I003,0.6582946232795795
SU00187,I002,0.4882203501611191
SU00188,I002,0.10188699639803778
SU00189,I006,0.24867565846215123
SU00189,I002,0.788473342333763
SU00190,I003,0.3472051592098768
SU00190,I005,0.7164506726227677
SU00191,I001,0.28044153133144645
SU00192,I000,0.5556261127578025
SU00192,I009,0.30281221939216385
SU00192,I002,0.9756301727032322
SU00193,I007,0.22626145727211655
SU00193,I004,0.22962791238620872
SU00193,I009,0.638223877248436
SU00194,I004,0.3624595806666535
SU00195,I005,0.8409407564027354
SU00196,I007,0.42098998872053284
SU00196,I005,0.7966866165194784
SU00196,I006,0.4556189371006929
SU00197,I006,0.4553207802900472
SU00198,I008,0.4183934086296003
SU00198,I007,0.7151831868726426
SU00199,I007,0.9162663455137151
SU00199,I005,0.4081046643504139
SU00200,I002,0.6147713706173515
SU00201,I000,0.3325076476421963
SU00202,I008,0.10458533569347284
SU00202,I007,0.9159181546950089
SU00202,I006,0.09760979417804172
SU00203,I005,0.25258620770005913
SU00204,I005,0.14978553441221631
SU00204,I009,0.21532718138359297
SU00205,I003,0.7616744236713833
SU00205,I004,0.08608859280919634
SU00205,I000,0.028126566771337846
SU00206,I005,0.36810421454441744
SU00206,I001,0.06378043791069887
SU00206,I008,0.15031839221165
SU00207,I003,0.11661003194327924
SU00207,I001,0.686303735959392
SU00207,I005,0.017200932417634984
SU00208,I001,0.07442165037170079
SU00208,I005,0.08983034400053336
SU00209,I008,0.2532280108224694
SU00209,I009,0.37947966197227234
SU00210,I003,0.9202662277293687
SU00211,I009,0.17186502195870323
SU00211,I007,0.21991839844193461
SU00212,I007,0.5686419762870988
SU00213,I004,0.5933770787097868
SU00213,I003,0.7305450043871446
SU00213,I006,0.3316817718184776
SU00214,I008,0.5116354325167536
SU00215,I005,0.46876095474789625
SU00215,I009,0.8898655263171903
SU00216,I004,0.7435652831825023
SU00217,I006,0.7741612280001703
SU00217,I008,0.537141715406773
SU00218,I003,0.6021217405269785
SU00219,I008,0.36328618660131196
SU00219,I006,0.39099551615394923
SU00220,I004,0.06132370258505837
SU00220,I002,0.4619401863816984
SU00220,I003,0.692853303052174
SU00221,I005,0.08812669335746948
SU00221,I003,0.6312886059742353
SU00222,I004,0.15989592771055228
SU00222,I005,0.17726433395919705
SU00222,I009,0.844200188059543
SU00223,I005,0.9475881667645903
SU00224,I009,0.9022888927794028
SU00224,I004,0.5297361256106489
SU00225,I006,0.10383178775293023
SU00225,I003,0.6319861956520217
SU00226,I002,0.5103166677365412
SU00226,I003,0.8508675258207745
SU00227,I007,0.33800661697457535
SU00227,I006,0.1144279869898982
SU00227,I002,0.712265310037341
SU00228,I005,0.44130104805981796
SU00228,I003,0.4991685339734332
SU00228,I006,0.7197144007412785
SU00229,I002,0.7861394481412664
SU00229,I007,0.9043815889317818
SU00230,I004,0.690460569983234
SU00231,I002,0.25188130311577384
SU00231,I006,0.4258349918892169
SU00232,I001,0.8733747223392844
SU00232,I008,0.16785391303603725
SU00233,I007,0.3886850298879938
SU00233,I006,0.7361084442162852
SU00233,I008,0.5853334806895546
SU00234,I000,0.5062033605321401
SU00234,I003,0.7773786128946046
SU00234,I007,0.3109052974723012
SU00235,I008,0.38841328080311743
SU00235,I009,0.9842473554222804
SU00235,I003,0.04017107192005842
SU00236,I008,0.09074466457703234
SU00236,I007,0.7264878751458029
SU00237,I003,0.09321797953977928
SU00237,I009,0.8980640101507478
SU00238,I001,0.09168822247139063
SU00239,I004,0.4942620021690314
SU00240,I002,0.6983060988968003
SU00241,I009,0.5096317284681907
SU00241,I008,0.57804833906514
SU00241,I001,0.6812022616663457
SU00242,I007,0.6992747721639805
SU00242,I003,0.9482522783551259
SU00242,I008,0.3776364830380091
SU00243,I001,0.19545684533060426
SU00244,I008,0.4706028978063945
SU00245,I006,0.6717739307774192
SU00245,I008,0.734955042717769
SU00245,I007,0.8275740926229874
SU00246,I006,0.015639275358109384
SU00246,I004,0.11478571918676772
SU00246,I009,0.47997286026285246
SU00247,I002,0.15920671525519836
SU00247,I006,0.483686219975353
SU00247,I000,0.7337691791890764
SU00248,I009,0.6365718545369002
SU00248,I004,0.06256899692887319
SU00248,I006,0.16636462813291875
SU00249,I000,0.025018913308275215
SU00249,I007,0.45249509055885373
SU00250,I000,0.84712274167153
SU00250,I009,0.7282752088188522
SU00251,I005,0.6590486637510689
SU00251,I003,0.6710825609479135
SU00252,I007,0.9413321426094132
SU00252,I009,0.32321486665570354
SU00253,I006,0.6243796577810803
SU00253,I003,0.6226473832270178
SU00254,I008,0.6453657191578651
SU00254,I001,0.8836123480150236
SU00255,I005,0.7872050563407287
SU00255,I006,0.8982865920114617
SU00256,I007,0.27783082930775993
SU00256,I003,0.35038571541425034
SU00257,I002,0.39066616978884194
SU00257,I009,0.18314204555247005
SU00257,I007,0.12334818051849783
SU00258,I006,0.95709474995943
SU00258,I003,0.1334179077001808
SU00259,I001,0.2350960328673526
SU00259,I003,0.9915172976773182
SU00260,I008,0.8959008986881218
SU00260,I001,0.5435035553788647
SU00261,I008,0.32819252827660195
SU00261,I009,0.16647331057207881
SU00262,I009,0.4890244071873403
SU00262,I008,0.6034765210415483
SU00262,I003,0.07741196076731538
SU00263,I002,0.12406679729204406
SU00263,I003,0.0794992621246603
SU00264,I003,0.8368219995424574
SU00264,I001,0.4783926010554955
SU00264,I005,0.48158701156160144
SU00265,I008,0.2642025958591193
SU00265,I003,0.9035568015414093
SU00266,I008,0.016884484108247944
SU00266,I009,0.562237954094627
SU00266,I001,0.6477026374864814
SU00267,I006,0.2561624680360911
SU00268,I006,0.4166955050718949
SU00268,I004,0.7772183297439947
SU00268,I001,0.4158279475027187
SU00269,I000,0.9514915746015783
SU00269,I003,0.5578931376483711
SU00270,I001,0.20104444571608115
SU00270,I008,0.22251668652144974
SU00270,I005,0.8668815767905313
SU00271,I008,0.13570206732044887
SU00271,I003,0.5536936791745997
SU00271,I002,0.5540449166553362
SU00272,I002,0.8208421307341048
SU00272,I000,0.328935117578533
SU00273,I002,0.06384899148321121
SU00274,I009,0.010235422563938057
SU00275,I006,0.7791887562017344
SU00275,I001,0.11326396853973852
SU00276,I009,0.5486539614067218
SU00276,I005,0.5659813951943536
SU00276,I003,0.5820465329119617
SU00277,I007,0.13213156586390906
SU00277,I003,0.731237281117391
SU00278,I005,0.6477375376896288
SU00278,I009,0.6980404251916764
SU00278,I002,0.5743733595490275
SU00279,I001,0.23602546385383716
SU00280,I009,0.3814930464042442
SU00280,I007,0.36480634297343484
SU00281,I007,0.5744636720005952
SU00281,I003,0.9121342514897024
SU00282,I005,0.8245765331734581
SU00283,I005,0.25172941115582737
SU00283,I004,0.5813231541991325
SU00283,I009,0.38252112103975866
SU00284,I008,0.42429922851118984
SU00284,I002,0.8532714382286999
SU00285,I002,0.7919803074214834
SU00285,I007,0.5908430284738374
SU00286,I009,0.9301950901601341
SU00286,I003,0.3315300187163047
SU00287,I001,0.42251483325455397
SU00288,I009,0.39388123276885545
SU00288,I003,0.6358485167771382
SU00288,I000,0.2081422386614028
SU00289,I001,0.996048893104196
SU00289,I008,0.1860913531226942
SU00290,I002,0.9495730303973559
SU00291,I004,0.6695221603832983
SU00291,I007,0.8515249191922176
SU00291,I001,0.9469222932479032
SU00292,I001,0.37629888030661374
SU00292,I003,0.8790354788062651
SU00292,I007,0.7827052319082125
SU00293,I006,0.5776130129448913
SU00293,I007,0.8250900026598822
SU00293,I003,0.5139181240219234
SU00294,I000,0.03368523979946003
SU00295,I002,0.6979654366963605
SU00295,I001,0.6941970542404894
SU00295,I006,0.7388753027883193
SU00296,I007,0.7627293940436313
SU00297,I005,0.4678481373406588
SU00297,I008,0.3430519788346218
SU00298,I002,0.2504820718189166
SU00299,I006,0.303815899223293
SU00300,I007,0.8939908063793056
SU00300,I000,0.152183996317092
SU00300,I008,0.4005062930299548
SU00301,I006,0.0969517419700946
SU00301,I001,0.17801288540322058
SU00302,I006,0.12921642736127337
SU00303,I004,0.1710486915582411
SU00304,I000,0.49468156931926976
SU00304,I002,0.3495186040227892
SU00304,I007,0.2993185075408584
SU00305,I003,0.7210193528550172
SU00305,I009,0.04517558790972098
SU00305,I007,0.5779544761950451
SU00306,I001,0.3169103330066956
SU00306,I006,0.45601755737008376
SU00307,I004,0.8563887438994199
SU00307,I008,0.3715057527815465
SU00307,I003,0.5411152980254618
SU00308,I008,0.10473298549016385
SU00309,I001,0.29483126706348795
SU00309,I003,0.327773538852165
SU00309,I002,0.694944895650306
SU00310,I007,0.2775862861411289
SU00310,I004,0.019127595998854496
SU00310,I005,0.6938865249752925
SU00311,I008,0.19194544718899909
SU00311,I000,0.5457686705032913
SU00312,I007,0.3650849739979669
SU00313,I001,0.1603174967572908
SU00313,I003,0.6991958148182874
SU00313,I000,0.8493020007543375
SU00314,I008,0.46546471899020414
SU00314,I000,0.40757428005159035
SU00314,I003,0.06453982169101824
SU00315,I009,0.7509609603012053
SU00315,I006,0.5868911445083087
SU00316,I005,0.6933528124915775
SU00316,I009,0.9541004678429419
SU00317,I008,0.8301107817387372
SU00317,I005,0.900699577063531
SU00318,I005,0.9884387807734603
SU00319,I003,0.07417306156613124
SU00319,I000,0.7807515977452255
SU00320,I007,0.7964356835226393
SU00321,I001,0.10344619224685658
SU00321,I005,0.1787917991334227
SU00322,I001,0.33014505539001926
SU00322,I007,0.9729771172582209
SU00323,I005,0.4390729645391168
SU00323,I006,0.27896063129573745
SU00324,I002,0.9902190003032061
SU00325,I005,0.684494945431363
SU00325,I004,0.9085364362547654
SU00326,I009,0.22117088222555403
SU00326,I008,0.6209635226431728
SU00326,I007,0.666809048911551
SU00327,I009,0.6678162925600317
SU00327,I001,0.23132198352215594
SU00328,I003,0.46071484947773034
SU00328,I001,0.7217841301617722
SU00329,I006,0.32511006503406814
SU00330,I000,0.9486971754544402
SU00330,I007,0.8039958367135851
SU00331,I008,0.8514233561632076
SU00331,I000,0.6907421627286164
SU00332,I008,0.23639963720527024
SU00333,I002,0.491560014645107
SU00333,I000,0.15450619512265495
SU00333,I009,0.617090476210235
SU00334,I004,0.7925938888431578
SU00334,I005,0.8759536633529192
SU00334,I002,0.3891403734219203
SU00335,I006,0.21158235257527847
SU00335,I007,0.0013047105833552397
SU00335,I002,0.8308150278861304
SU00336,I002,0.7906509514066156
SU00336,I009,0.518503104365947
SU00337,I004,0.007734124846382806
SU00337,I000,0.7140223069505492
SU00337,I008,0.07949705489394143
SU00338,I002,0.13797023616019555
SU00338,I000,0.22145184942312013
SU00338,I009,0.8679011748534797
SU00339,I008,0.04359479098756125
SU00339,I005,0.6440322982942224
SU00339,I006,0.3328922591504242
SU00340,I001,0.3697005652199564
SU00340,I005,0.2191749383702778
SU00341,I004,0.9383210232306171
SU00342,I006,0.31348598951781914
SU00342,I008,0.32620691538765656
SU00343,I003,0.6097390738347708
SU00343,I005,0.8785795256200449
SU00344,I004,0.7754926420798531
SU00345,I003,0.22047760107068903
SU00345,I006,0.6171540461835202
SU00346,I007,0.34027657439362213
SU00346,I002,0.020570337625581914
SU00346,I008,0.9206181404368424
SU00347,I003,0.8879777660950017
SU00347,I004,0.1884732755400781
SU00348,I003,0.28363370590697445
SU00349,I007,0.10609808008802424
SU00349,I006,0.14930963930433072
SU00349,I000,0.7494781623689669
SU00350,I001,0.07929816709812076
SU00350,I004,0.6410151176154251
SU00350,I000,0.2571397476665944
SU00351,I002,0.4867497394474565
SU00352,I009,0.6095501569543027
SU00352,I006,0.8012383130353499
SU00353,I002,0.999323428377729
SU00354,I009,0.5075610870122528
SU00355,I007,0.26778937676168213
SU00355,I002,0.2696562695047361
SU00355,I001,0.4165440749417003
SU00356,I009,0.5140943103181291
SU00356,I008,0.892325212417564
SU00357,I003,0.9266768870767449
SU00358,I005,0.3970017428881488
SU00358,I000,0.49178950754549144
SU00358,I004,0.619268520188792
SU00359,I001,0.22058755928119833
SU00359,I007,0.7188470476061017
SU00360,I007,0.35763430361340165
SU00360,I004,0.14555591501058163
SU00360,I008,0.6608655523252762
SU00361,I005,0.2528657093614932
SU00361,I009,0.27163990473338717
SU00361,I007,0.15000303074959087
SU00362,I000,0.7847207353222027
SU00362,I008,0.2280342752551371
SU00363,I001,0.3863166011066004
SU00363,I007,0.1713811162178125
SU00363,I008,0.4959387669563905
SU00364,I001,0.2353945960542555
SU00364,I004,0.9679289468885467
SU00364,I000,0.10839936692951835
SU00365,I007,0.5266824872277873
SU00365,I005,0.964983423282013
SU00365,I000,0.910715536242412
SU00366,I002,0.13667783563763847
SU00366,I006,0.6679949579028349
SU00366,I000,0.45093102931894147
SU00367,I001,0.18843380096573392
SU00367,I009,0.531805469085719
SU00368,I003,0.6805127969267563
SU00368,I006,0.41262663871676597
SU00368,I007,0.8820493972861718
SU00369,I006,0.41899416750660523
SU00369,I009,0.04388371598634133
SU00370,I004,0.5802588738601372
SU00370,I007,0.4094301763340704
SU00370,I008,0.766502814759407
SU00371,I006,0.17008079474970417
SU00371,I000,0.843634921671899
SU00372,I009,0.5166999037661214
SU00372,I007,0.04525166549977855
SU00372,I006,0.5077114138167298
SU00373,I007,0.3180858907858688
SU00373,I001,0.3563508950225047
SU00373,I000,0.41569108792300447
SU00374,I005,0.4313292593241511
SU00374,I009,0.04707837208667687
SU00375,I005,0.6298562427296038
SU00375,I007,0.8495885110520761
SU00376,I001,0.5500205059746087
SU00376,I009,0.3046985394086008
SU00376,I006,0.786858607862273
SU00377,I009,0.829515642992467
SU00378,I009,0.6852515006489204
SU00379,I001,0.45559164191115364
SU00379,I003,0.08636993408686156
SU00380,I002,0.12319584672383543
SU00380,I005,0.8190090285519767
SU00381,I005,0.46599578147692944
SU00382,I006,0.9741385580518654
SU00383,I008,0.9000167333474324
SU00383,I003,0.7173553206653016
SU00384,I003,0.3297565316891934
SU00385,I003,0.2954356824863492
SU00386,I001,0.8541276683145035
SU00386,I005,0.16485630955336394
SU00387,I001,0.35701938683783097
SU00388,I001,0.8553461882127728
SU00389,I009,0.27401997087383034
SU00390,I009,0.6814819194001903
SU00390,I007,0.8479071937372892
SU00391,I005,0.902627502899178
SU00392,I009,0.6851108952331235
SU00393,I006,0.20472312612947008
SU00393,I009,0.9038469892976276
SU00393,I008,0.44569327528485003
SU00394,I000,0.10489064077410282
SU00395,I004,0.048851464524416244
SU00396,I007,0.56737068149184
SU00396,I009,0.032272023043976694
SU00396,I002,0.7641047741327177
SU00397,I005,0.5687717336854063
SU00398,I007,0.6428811455926194
SU00398,I004,0.5020664797556804
SU00398,I001,0.5823749127060539
SU00399,I000,0.12495875488699748
SU00399,I004,0.41236030175553084
SU00399,I001,0.8542764320003159
SU00400,I009,0.984846112238545
SU00400,I003,0.055042622281758935
SU00401,I006,0.5100869217440844
SU00401,I002,0.7618469424055795
SU00401,I004,0.6744343708845657
SU00402,I006,0.5887963944594616
SU00403,I006,0.640065481868125
SU00403,I008,0.5441054521745652
SU00403,I005,0.46598997094744266
SU00404,I002,0.21348893327899077
SU00404,I000,0.9339438085780909
SU00404,I004,0.6704392027291644
SU00405,I000,0.6840865130463061
SU00405,I001,0.8740260203110327
SU00406,I001,0.03060159065104695
SU00406,I007,0.2777002604559943
SU00406,I004,0.5374287462392945
SU00407,I001,0.21918407463048128
SU00407,I009,0.3406014220353104
SU00407,I008,0.041344586478156975
SU00408,I002,0.8630440102821899
SU00409,I006,0.8962125686731125
SU00410,I001,0.10934875001151956
SU00410,I002,0.35732438397546573
SU00411,I004,0.7568802938462086
SU00411,I008,0.42818460450101514
SU00411,I002,0.1512089462143441
SU00412,I004,0.12314929654076234
SU00412,I000,0.02981601705676684
SU00413,I009,0.3931243187178829
SU00413,I002,0.31524060743103355
SU00414,I007,0.15279643785417563
SU00414,I001,0.13234348844072363
SU00414,I002,0.3442247238357278
SU00415,I005,0.9224835342557491
SU00416,I005,0.11728514925146327
SU00416,I000,0.775374839253563
SU00416,I002,0.043106307107060426
SU00417,I007,0.5923722920013232
SU00417,I002,0.18740544530979208
SU00418,I006,0.786373791100934
SU00419,I008,0.7121788627737299
SU00420,I007,0.03377559111124251
SU00420,I003,0.8864998967598378
SU00421,I008,0.08000910661489125
SU00421,I002,0.046958883478671276
SU00422,I009,0.48716048656370625
SU00422,I008,0.2919878830619016
SU00422,I002,0.490736406439801
SU00423,I005,0.17238448573704368
SU00423,I007,0.8753276051878506
SU00423,I003,0.5054257996948787
SU00424,I003,0.4294688422418853
SU00424,I001,0.4639674178375497
SU00425,I000,0.8512333626657026
SU00425,I002,0.8696225117624214
SU00426,I000,0.5609450813889677
SU00427,I003,0.8845528306041595
SU00428,I009,0.36669324935739045
SU00428,I000,0.5271005654971003
SU00429,I003,0.8225934633947967
SU00429,I007,0.21223692418112272
SU00430,I008,0.7970633338514216
SU00430,I004,0.7057244338102311
SU00430,I000,0.6954196754132606
SU00431,I004,0.9601328391531813
SU00432,I001,0.07066971101469399
SU00433,I001,0.28392069137603837
SU00433,I003,0.7987405759499353
SU00434,I004,0.6790766587399005
SU00434,I009,0.5155460691725366
SU00435,I008,0.6632172060395244
SU00435,I009,0.6205473761548466
SU00436,I006,0.9044219895255341
SU00437,I000,0.6431168477277079
SU00438,I002,0.18796594202837358
SU00438,I003,0.9450734368475513
SU00438,I008,0.8228524957934975
SU00439,I000,0.6122185350556583
SU00440,I003,0.9767980659161004
SU00441,I008,0.17290644708067082
SU00441,I002,0.9365118002071441
SU00442,I002,0.902630571007173
SU00442,I003,0.01404874584544813
SU00443,I008,0.11071687206389946
SU00443,I005,0.5342740865982176
SU00443,I001,0.4530182050078274
SU00444,I002,0.7459510823230133
SU00444,I000,0.8737373747182148
SU00445,I003,0.6230734483122443
SU00445,I005,0.07891810103397467
SU00446,I009,0.44229631597706753
SU00447,I003,0.021275740280784272
SU00447,I001,0.6979949495383626
SU00448,I009,0.17072372169796446
SU00448,I006,0.16685710594314385
SU00448,I001,0.4064393266887899
SU00449,I001,0.2455726088308089
SU00449,I003,0.2595015381137198
SU00449,I006,0.49613838016066336
SU00450,I000,0.9934834393851419
SU00450,I005,0.7538747117801723
SU00451,I001,0.9603213244045073
SU00451,I006,0.27217819280211275
SU00452,I007,0.5653554679169515
SU00453,I006,0.1335300116675645
SU00453,I008,0.5439977979725644
SU00453,I003,0.14392000865117083
SU00454,I005,0.9446446616222376
SU00454,I002,0.9787623415210549
SU00455,I002,0.9783215569535446
SU00455,I008,0.2768910547694118
SU00456,I007,0.7450626757861124
SU00456,I009,0.9351653436089425
SU00457,I008,0.869918062437293
SU00457,I003,0.27192928828931917
SU00457,I009,0.8483524376960377
SU00458,I008,0.6189131402700154
SU00458,I004,0.8296810776702254
SU00458,I005,0.8541826172346829
SU00459,I009,0.8698347478016883
SU00459,I008,0.44975721674881386
SU00460,I008,0.413554987059951
SU00461,I002,0.4415826463813123
SU00461,I009,0.717022034766112
SU00462,I008,0.5767328454279744
SU00463,I008,0.2038290404606926
SU00464,I003,0.8994428693281341
SU00464,I005,0.5510697863281349
SU00465,I008,0.6311138138882307
SU00465,I006,0.8835718790347409
SU00466,I002,0.2840898860316263
SU00466,I003,0.4268889521620619
SU00466,I001,0.5214560233622388
SU00467,I000,0.6531923403127239
SU00467,I006,0.1456819190571429
SU00467,I003,0.8584087477326616
SU00468,I009,0.8749579704930888
SU00469,I000,0.36091758070191204
SU00470,I009,0.8379407713689223
SU00470,I006,0.12320503945117467
SU00470,I001,0.30769920545390206
SU00471,I008,0.7652431116234174
SU00471,I000,0.20712883846813512
SU00471,I005,0.51745501577749
SU00472,I001,0.41139891904768033
SU00473,I004,0.9388140419217452
SU00473,I008,0.19851450075269061
SU00474,I000,0.6841507374406597
SU00474,I009,0.4892497189411692
SU00474,I008,0.6971916165635313
SU00475,I009,0.7827104630570779
SU00476,I003,0.6881305078075063
SU00476,I000,0.3636984459176166
SU00477,I007,0.33113677377729933
SU00477,I004,0.45896231375801233
SU00477,I009,0.7850732478503977
SU00478,I008,0.012149214225981697
SU00478,I007,0.1274671972904009
SU00478,I006,0.717375064772494
SU00479,I005,0.5974977684088802
SU00479,I007,0.8470294839367255
SU00480,I007,0.9897241728182274
SU00480,I004,0.6388786532362357
SU00480,I002,0.9179950861746334
SU00481,I002,0.7638124087627353
SU00481,I008,0.07447559274710225
SU00482,I006,0.5989140340137372
SU00482,I007,0.5077440548595671
SU00482,I001,0.2904228207923778
SU00483,I008,0.6950720836182014
SU00483,I002,0.5383015325216564
SU00484,I004,0.29747400013571745
SU00484,I000,0.56828381529461
SU00485,I005,0.9285790649311854
SU00485,I001,0.9833805333238969
SU00485,I007,0.3506426524762939
SU00486,I005,0.9798107312198728
SU00486,I000,0.7796062247608665
SU00486,I002,0.12349376212947971
SU00487,I005,0.6902811474381284
SU00487,I003,0.9741790758099788
SU00488,I003,0.8094877933412805
SU00488,I000,0.8843799651263098
SU00489,I005,0.290163067942786
SU00489,I001,0.8473116521696938
SU00489,I000,0.6994108004990753
SU00490,I007,0.4774518320995247
SU00490,I003,0.6079849512327532
SU00490,I001,0.7789873539274614
SU00491,I005,0.7863490587752592
SU00492,I005,0.7662396946428731
SU00492,I002,0.3786691254758281
SU00492,I007,0.29388321586669675
SU00493,I002,0.4363511008659948
SU00493,I007,0.701786070750823
SU00494,I009,0.7403874562169668
SU00495,I004,0.32993118755424844
SU00495,I000,0.49823222259270106
SU00496,I000,0.6868263252362607
SU00497,I009,0.03306497282606646
SU00497,I002,0.6279570430266225
SU00497,I007,0.9054748468763026
SU00498,I009,0.851470709782549
SU00498,I008,0.3715386721215863
SU00499,I009,0.7331146355794999
SU00500,I000,0.6017547107621497
SU00501,I005,0.9184462203725585
SU00501,I007,0.18404248873192774
SU00501,I006,0.949134538585711
SU00502,I003,0.4812439854934174
SU00502,I008,0.9130247462186829
SU00502,I002,0.08047277605171399
SU00503,I004,0.3473783841599781
SU00503,I007,0.3599953158511974
SU00504,I008,0.6904792674582739
SU00504,I009,0.6918780886036484
SU00504,I005,0.3541404933097615
SU00505,I006,0.40050958879108045
SU00506,I000,0.3599109344819217
SU00507,I009,0.010699151228599546
SU00507,I003,0.5901033179463331
SU00507,I001,0.5637397474635091
SU00508,I009,0.8074038626121214
SU00508,I002,0.7297011783224541
SU00509,I006,0.05573916567170323
SU00510,I006,0.0019684020074963726
SU00510,I005,0.12821963171616546
SU00510,I007,0.5341014251770095
SU00511,I007,0.21147506250940218
SU00511,I008,0.485797424341489
SU00512,I002,0.39384141719020327
SU00512,I008,0.6433600044310782
SU00512,I005,0.32457474154830357
SU00513,I009,0.42265585903487435
SU00513,I001,0.5945157139418908
SU00514,I003,0.5199069540241416
SU00514,I008,0.7840937756406058
SU00515,I003,0.034377352475346235
SU00515,I005,0.7393170549044649
SU00516,I007,0.65940538856406
SU00517,I009,0.4386696529795012
SU00517,I001,0.46460714376931256
SU00517,I008,0.6058203639692556
SU00518,I002,0.8353484944169349
SU00519,I000,0.30384167539794205
SU00519,I004,0.07951122942575828
SU00519,I008,0.7987871872524828
SU00520,I009,0.9487012117296464
SU00520,I007,0.15286610493248542
SU00521,I009,0.7887331383164861
SU00521,I006,0.25545794475590855
SU00521,I005,0.32341580032367345
SU00522,I009,0.15985036123687213
SU00523,I005,0.8776266535154288
SU00524,I002,0.27801346747322075
SU00524,I000,0.08026488783526164
SU00525,I000,0.7231958054698073
SU00525,I007,0.8463042963901017
SU00525,I005,0.7520543182782159
SU00526,I007,0.6614049167339322
SU00526,I001,0.9424462760832207
SU00527,I003,0.47460001321028267
SU00527,I000,0.9253925774782795
SU00527,I001,0.8699240106580773
SU00528,I004,0.2207315151385787
SU00528,I006,0.456109250214336
SU00528,I000,0.35386482539521624
SU00529,I006,0.7348831623017577
SU00529,I000,0.32991736364406865
SU00530,I004,0.2779437199156217
SU00530,I008,0.9899093972967339
SU00530,I001,0.5371624215903681
SU00531,I005,0.5371908626580585
SU00531,I006,0.24861277549839733
SU00531,I003,0.08960594836905011
SU00532,I004,0.8170638134532133
SU00532,I009,0.6574386544915586
SU00532,I002,0.4547863253937533
SU00533,I008,0.69883359369038
SU00533,I000,0.768574097964817
SU00534,I002,0.9672017785206505
SU00535,I006,0.2589768972308726
SU00536,I002,0.061061481906587334
SU00536,I005,0.41598827892999146
SU00537,I004,0.8050851240388439
SU00537,I007,0.8029640581373314
SU00538,I008,0.06100963727604025
SU00539,I007,0.4686277484031254
SU00540,I003,0.0025295863933421092
SU00540,I009,0.1630525443360088
SU00540,I002,0.4831093706644065
SU00541,I004,0.553734672736264
SU00542,I005,0.33330892517008703
SU00543,I000,0.617522946318467
SU00544,I004,0.19630749107412204
SU00545,I008,0.029226363234339803
SU00546,I007,0.6178843827722839
SU00547,I001,0.05191216276729749
SU00547,I000,0.1824211542508548
SU00547,I003,0.8620357920712525
SU00548,I009,0.6057674660391592
SU00549,I004,0.23078658147656106
SU00550,I001,0.03789831109684494
SU00550,I004,0.9329453231210947
SU00551,I003,0.6106899052208818
SU00551,I002,0.5945999842964352
SU00552,I005,0.5795503294595578
SU00553,I006,0.6216760150634347
SU00553,I008,0.8128333989488715
SU00554,I008,0.8709821077830041
SU00554,I001,0.701535626794221
SU00554,I002,0.7576293799711658
SU00555,I003,0.05228894232897918
SU00555,I009,0.11303674889875448
SU00555,I002,0.33834363685459323
SU00556,I006,0.4196802898196552
SU00556,I009,0.02857815138764852
SU00556,I001,0.42522381696485956
SU00557,I007,0.14786183846424372
SU00557,I008,0.8427352975737539
SU00558,I005,0.1593047208695334
SU00559,I004,0.8340687324270577
SU00559,I008,0.7096790125588104
SU00559,I002,0.050126478681983055
SU00560,I005,0.08003117118153225
SU00561,I007,0.9598903290199342
SU00562,I004,0.7236845125505977
SU00562,I001,0.7594739432063549
SU00563,I007,0.21886682372174238
SU00563,I000,0.8456639864774708
SU00563,I006,0.8928907609844965
SU00564,I002,0.748632817077217
SU00565,I005,0.9070647125377718
SU00566,I005,0.16176849363442813
SU00567,I004,0.8694772061933785
SU00567,I000,0.4514996684950736
SU00568,I001,0.7159607575750992
SU00569,I006,0.8595411074576704
SU00569,I003,0.3464537961160208
SU00569,I009,0.3874603148677771
SU00570,I002,0.8231425568245196
SU00571,I007,0.17101825750838695
SU00571,I000,0.7717629057729593
SU00571,I005,0.2765426149932685
SU00572,I001,0.8750996971988445
SU00572,I008,0.8215789957169642
SU00573,I009,0.5011418353203626
SU00574,I003,0.9100220444610541
SU00574,I000,0.8689664350970631
SU00575,I001,0.664423919092376
SU00575,I007,0.005713135611331466
SU00576,I006,0.9763929982387948
SU00576,I005,0.05917255329298754
SU00577,I008,0.8736120893223754
SU00577,I009,0.1262243664810071
SU00578,I004,0.17918956138941322
SU00579,I000,0.8162723214934505
SU00579,I007,0.0048485337551383845
SU00579,I004,0.5557181103875858
SU00580,I003,0.4908974420788331
SU00581,I007,0.21644334451367475
SU00582,I000,0.3621857187277665
SU00582,I002,0.15958742043294594
SU00583,I006,0.131224229829642
SU00583,I000,0.7350329229924445
SU00584,I009,0.5539249838168072
SU00585,I007,0.2055979199655361
SU00586,I000,0.5326528873079608
SU00586,I008,0.37986874523268455
SU00586,I002,0.9829152160642127
SU00587,I006,0.990682321579046
SU00587,I003,0.15806837472480528
SU00587,I005,0.874917135112598
SU00588,I000,0.5550895303944676
SU00589,I003,0.8560886325941408
SU00589,I001,0.29073608922760674
SU00589,I002,0.9202788129180158
SU00590,I007,0.6267738086897062
SU00590,I001,0.972247321270735
SU00591,I006,0.5109614096442042
SU00592,I008,0.16751656978382556
SU00592,I004,0.5670681162318821
SU00592,I000,0.3022062773599101
SU00593,I000,0.9289015037712112
SU00594,I000,0.18606640440233746
SU00595,I009,0.524008697555355
SU00595,I000,0.14454577480834796
SU00595,I003,0.08809390560443853
SU00596,I004,0.10077613547174125
SU00596,I007,0.919821262252741
SU00597,I005,0.20214619929152688
SU00597,I003,0.2217059710028012
SU00597,I000,0.67324641247952
SU00598,I002,0.8556146457530157
SU00598,I001,0.891656898630833
SU00598,I006,0.2836735059532819
SU00599,I001,0.23804678888595376
SU00600,I004,0.45914398774568166
SU00600,I007,0.2891406541264899
SU00600,I000,0.607944132776761
SU00601,I004,0.7566001307232384
SU00601,I006,0.2583226633602468
SU00602,I005,0.42091309702788215
SU00602,I006,0.744439370839892
SU00603,I001,0.7235917098916247
SU00604,I002,0.8581320015457851
SU00605,I006,0.4955658358130345
SU00605,I004,0.7853305047586291
SU00606,I008,0.5731438861620943
SU00607,I009,0.4259246986393931
SU00608,I009,0.8663118492937639
SU00608,I007,0.2946812429787382
SU00608,I002,0.9349414511251894
SU00609,I008,0.8677022184539073
SU00609,I000,0.18012646112864283
SU00610,I004,0.2379390159495126
SU00610,I009,0.26358082171703856
SU00610,I002,0.7545384410915865
SU00611,I009,0.8621349739611018
SU00611,I000,0.5943903654088087
SU00611,I008,0.07472776776923318
SU00612,I002,0.37511488618376376
SU00612,I001,0.6095396242254869
SU00612,I005,0.8696006421896717
SU00613,I003,0.4592102820595123
SU00613,I006,0.31490609300375516
SU00613,I004,0.4078317960528516
SU00614,I006,0.17999765265840972
SU00614,I005,0.8109603280016797
SU00614,I000,0.1330737111876863
SU00615,I004,0.1085084838735475
SU00615,I001,0.5157734754570293
SU00615,I006,0.7119387221895969
SU00616,I008,0.25134393656750587
SU00616,I002,0.18058324692560457
SU00617,I009,0.008709107289965767
SU00617,I001,0.4607313236649865
SU00618,I000,0.6773260800447087
SU00619,I003,0.5384526279943745
SU00620,I007,0.9497791404623287
SU00620,I003,0.050242435502765415
SU00621,I009,0.6714029686438845
SU00622,I003,0.4791279679042256
SU00622,I001,0.3239599107666653
SU00622,I000,0.5244191450322638
SU00623,I004,0.8860427159903792
SU00623,I005,0.9457021358879044
SU00623,I008,0.8641291679066748
SU00624,I001,0.17145159629798534
SU00625,I006,0.5498677970943222
SU00626,I002,0.10209740366062703
SU00627,I007,0.8165508661867743
SU00627,I006,0.45828562217484503
SU00628,I001,0.036085028835698085
SU00628,I004,0.36111299124303453
SU00628,I005,0.7500985104010317
SU00629,I001,0.4763578631882135
SU00629,I007,0.9531622706703371
SU00630,I002,0.7463048951837771
SU00630,I004,0.7260401245212454
SU00630,I000,0.6118388104703365
SU00631,I004,0.8471382297756576
SU00631,I002,0.3990038849187397
SU00632,I005,0.6947772420316772
SU00632,I006,0.6081368396471826
SU00633,I000,0.21241665976552204
SU00633,I002,0.15642221817905677
SU00634,I002,0.34876454295723525
SU00635,I008,0.052425664898738455
SU00635,I004,0.2835630792794226
SU00636,I002,0.40237678208647343
SU00636,I007,0.0619207233938468
SU00636,I001,0.16413645582471004
SU00637,I002,0.634662286662815
SU00638,I006,0.4081810072381745
SU00638,I009,0.4438104675630742
SU00638,I001,0.6851656690959277
SU00639,I007,0.35137685789687023
SU00639,I004,0.7495333749011095
SU00639,I002,0.3881815707006476
SU00640,I005,0.35060789098788603
SU00640,I008,0.745603796602951
SU00641,I009,0.6601711025701157
SU00642,I004,0.953064090163176
SU00642,I009,0.6074029884313754
SU00643,I005,0.4592460936449918
SU00643,I004,0.026136454844191914
SU00644,I007,0.7242551629486854
SU00644,I008,0.34552711590293916
SU00645,I000,0.7074082687654287
SU00645,I002,0.741980778308068
SU00646,I008,0.11198912036222519
SU00647,I001,0.9634858791448172
SU00647,I007,0.8018090033346656
SU00648,I001,0.5008647987776141
SU00648,I009,0.9045916897219574
SU00648,I008,0.2560567232510793
SU00649,I002,0.0495498628938309
SU00650,I007,0.5790511104109448
SU00651,I001,0.13948886155478446
SU00652,I003,0.2673044490289729
SU00652,I001,0.6534901432077734
SU00652,I000,0.9826876629840553
SU00653,I001,0.3548823250277614
SU00654,I000,0.13906790501599597
SU00654,I005,0.6457661011842236
SU00654,I007,0.9831693094108908
SU00655,I003,0.148529886220234
SU00655,I004,0.29639584135126884
SU00655,I008,0.9824708792158241
SU00656,I006,0.45610068273531723
SU00656,I009,0.6206031927201557
SU00657,I008,0.9194598625740167
SU00658,I007,0.5908511108011849
SU00659,I000,0.8924202851956297
SU00659,I002,0.3763110342088861
SU00659,I004,0.8383133052222989
SU00660,I000,0.5918745882480404
SU00660,I007,0.11755613795732578
SU00660,I005,0.360959890420397
SU00661,I007,0.5488434463706992
SU00661,I005,0.6825114650785107
SU00662,I005,0.7122646488461327
SU00662,I004,0.5621583921210751
SU00662,I006,0.13252645304435828
SU00663,I006,0.6492735898684435
SU00663,I005,0.9339530830013821
SU00663,I008,0.5050886028403891
SU00664,I001,0.5250548459583637
SU00665,I004,0.04393716179632823
SU00665,I001,0.720660810409444
SU00665,I000,0.5738149143857784
SU00666,I006,0.035383959790874164
SU00667,I006,0.7007071452248439
SU00667,I007,0.15192193467852422
SU00668,I000,0.6126125724980188
SU00669,I006,0.5646708915031216
SU00669,I003,0.9830346504162306
SU00669,I001,0.4538198341948695
SU00670,I000,0.8159373039862722
SU00670,I005,0.8534305017664222
SU00670,I006,0.2253325403919616
SU00671,I001,0.17920433450047923
SU00672,I005,0.1129076753190118
SU00673,I000,0.2842248945738073
SU00674,I000,0.8521423265116717
SU00675,I007,0.4049315252193326
SU00675,I006,0.06222896765461883
SU00675,I009,0.16801808710653343
SU00676,I004,0.744047602464694
SU00676,I009,0.7257851064063222
SU00677,I002,0.5493836506142467
SU00678,I003,0.24830812273255098
SU00678,I007,0.7909338259507187
SU00678,I001,0.32148183599637237
SU00679,I001,0.8194158097010342
SU00679,I009,0.2631453640226161
SU00679,I008,0.8998948391974958
SU00680,I008,0.7459257748797863
SU00680,I007,0.6560345462622758
SU00680,I000,0.2460467730171818
SU00681,I007,0.8719794072219283
SU00681,I000,0.5406613590052712
SU00682,I009,0.09916740473862051
SU00682,I005,0.28795494044271763
SU00682,I008,0.7855064471692431
SU00683,I001,0.5309998016334635
SU00683,I004,0.2713774498259225
SU00683,I006,0.38854080056271745
SU00684,I007,0.9675376591600047
SU00684,I004,0.7848906336677693
SU00684,I009,0.682889415009744
SU00685,I000,0.8342018033921242
SU00685,I009,0.880817784135416
SU00686,I000,0.3049517297294868
SU00686,I003,0.3193077341389392
SU00686,I009,0.3492762303333863
SU00687,I005,0.6797062905165104
SU00687,I009,0.5635208350402866
SU00688,I008,0.6714903103834867
SU00688,I009,0.48446066421664713
SU00689,I009,0.7433096664346491
SU00690,I008,0.8247035755650665
SU00690,I004,0.15901658333631263
SU00690,I002,0.9094364357602572
SU00691,I005,0.5978024592526955
SU00692,I001,0.15668866673880233
SU00693,I009,0.6270333561277626
SU00693,I008,0.7925344402701449
SU00693,I007,0.15913663673484035
SU00694,I002,0.1787480785936003
SU00694,I000,0.5615550322864553
SU00695,I000,0.23639183760897786
SU00696,I002,0.20044694279569975
SU00696,I000,0.8681923979595978
SU00696,I007,0.02072946140579668
SU00697,I001,0.7640612568348539
SU00698,I003,0.8190001609788161
SU00698,I009,0.06828194197355908
SU00699,I002,0.8051902342469184
SU00699,I006,0.029945981776816066
SU00700,I008,0.7089007050858206
SU00700,I009,0.13182699578590895
SU00701,I004,0.699865463300921
SU00701,I005,0.6992766894965353
SU00701,I009,0.0032447581549672755
SU00702,I001,0.43753614291631004
SU00702,I002,0.5857102711082082
SU00702,I008,0.9140257402824334
SU00703,I005,0.32897751068433767
SU00703,I002,0.27788354277699945
SU00704,I000,0.8806593119298155
SU00705,I009,0.287408217758641
SU00706,I001,0.15447576468642943
SU00706,I006,0.8448965411864886
SU00707,I007,0.3576345004033107
SU00707,I008,0.7891605998803659
SU00707,I005,0.49938224316680346
SU00708,I002,0.6489069372276587
SU00709,I005,0.8220405490006514
SU00709,I000,0.1677348252415477
SU00710,I001,0.33406602374332384
SU00711,I006,0.08481333388625512
SU00712,I001,0.09585136476682554
SU00713,I000,0.24388715968650543
SU00713,I002,0.11430279038483948
SU00713,I004,0.4512611336054654
SU00714,I006,0.7696443860097246
SU00714,I001,0.8846292061584039
SU00714,I005,0.7573551829868959
SU00715,I000,0.47371226007932365
SU00715,I005,0.8969943913881329
SU00716,I001,0.2729040388864391
SU00716,I002,0.5579331176235829
SU00717,I007,0.38707601254868174
SU00717,I000,0.3931874493097721
SU00717,I003,0.6354571301700299
SU00718,I000,0.9274365141586896
SU00718,I003,0.11021159625248211
SU00718,I007,0.1631879840150373
SU00719,I004,0.7528324924983727
SU00719,I001,0.13872028537743353
SU00719,I009,0.7296886525379407
SU00720,I002,0.7673259616082179
SU00720,I000,0.3947561380594662
SU00720,I005,0.4709868955953209
SU00721,I001,0.4350282460929994
SU00722,I005,0.5186775250126242
SU00722,I009,0.904304932207074
SU00722,I001,0.09084263751073118
SU00723,I002,0.9261389872838187
SU00723,I003,0.8504873114228255
SU00724,I003,0.861757396581247
SU00724,I005,0.10450961684798432
SU00725,I005,0.11052756841699152
SU00725,I008,0.06576363461342782
SU00725,I007,0.07730010118713082
SU00726,I006,0.18687097744360615
SU00727,I000,0.9907069726952412
SU00727,I006,0.5261214333005361
SU00728,I000,0.9703954416865821
SU00728,I007,0.044131947866175913
SU00729,I005,0.4464620817199699
SU00730,I008,0.6815004058039206
SU00730,I004,0.17436762685312135
SU00730,I002,0.44866432543717794
SU00731,I001,0.7308286374995712
SU00731,I003,0.29825868691302815
SU00732,I004,0.04997109293563351
SU00733,I004,0.09053253267664452
SU00734,I009,0.31929123409704796
SU00734,I006,0.025051626862569454
SU00735,I008,0.6223048405021815
SU00735,I002,0.44207949747325814
SU00736,I007,0.3325083662384224
SU00736,I008,0.2280395187708646
SU00737,I003,0.7208275001550992
SU00737,I006,0.38903128573127577
SU00737,I002,0.4049167951125049
SU00738,I006,0.5136893979084441
SU00738,I001,0.4630876624494443
SU00739,I004,0.6600915966827953
SU00740,I006,0.49571206334740703
SU00741,I003,0.3470385130658199
SU00741,I002,0.5985934172050236
SU00742,I007,0.855654942395966
SU00742,I001,0.8754865648744207
SU00742,I004,0.6941169976498202
SU00743,I004,0.721995160301505
SU00744,I006,0.3387452869209385
SU00744,I001,0.5610575041398086
SU00744,I007,0.7940043660905466
SU00745,I004,0.5939696828481805
SU00745,I003,0.10989238599503404
SU00745,I009,0.252730043138118
SU00746,I005,0.694801727790592
SU00746,I009,0.04823513782241673
SU00746,I001,0.5624832349199074
SU00747,I009,0.15303798291605875
SU00747,I005,0.5241964202490885
SU00748,I003,0.3332382332297229
SU00749,I004,0.7079827472583997
SU00749,I002,0.8446228679612358
SU00750,I005,0.6035299600436547
SU00750,I000,0.40461217285694184
SU00751,I007,0.2996502057998929
SU00751,I000,0.6477498551786521
SU00751,I001,0.9625408060707938
SU00752,I003,0.07063135865401127
SU00753,I005,0.8094642989350979
SU00754,I009,0.9967579874992847
SU00754,I003,0.7183862607996242
SU00755,I005,0.4427162497614491
SU00756,I007,0.8827148992311514
SU00756,I005,0.9384240425201282
SU00757,I002,0.40724689552464266
SU00757,I003,0.4050229095868222
SU00757,I006,0.04533436077962438
SU00758,I005,0.9058158963785021
SU00759,I000,0.8398894494055301
SU00760,I007,0.5220077915030551
SU00761,I003,0.14000207893670458
SU00761,I000,0.7570805788129216
SU00761,I005,0.47301701497416826
SU00762,I001,0.600515260579446
SU00762,I000,0.11068006981924516
SU00762,I004,0.9076454198445804
SU00763,I004,0.25920194427630805
SU00764,I009,0.0025702086808939706
SU00764,I000,0.11087495054123209
SU00764,I007,0.16398653447859135
SU00765,I007,0.2456652359211975
SU00765,I003,0.05993427057235279
SU00766,I002,0.1480981601102478
SU00766,I001,0.26319730480796033
SU00766,I000,0.764078041954217
SU00767,I000,0.363895380566858
SU00767,I004,0.22703479748161914
SU00768,I008,0.47163861008138097
SU00768,I007,0.09508415122728286
SU00769,I006,0.46959668492189255
SU00769,I001,0.7636484701383562
SU00769,I002,0.8156458609023192
SU00770,I009,0.4181547251085076
SU00771,I008,0.7106231876837897
SU00771,I001,0.4551959198604447
SU00772,I002,0.4217085608173132
SU00772,I009,0.9491183526531713
SU00773,I008,0.2374710068263738
SU00774,I005,0.8535265184123981
SU00774,I008,0.973801350252709
SU00774,I000,0.3944882817075367
SU00775,I000,0.4972340611245073
SU00776,I005,0.4783101802994265
SU00777,I001,0.7655740187932478
SU00778,I005,0.16679149745151445
SU00778,I009,0.9530732155367652
SU00778,I001,0.754544612527053
SU00779,I000,0.6615789745378834
SU00779,I005,0.8176865066845067
SU00779,I007,0.752299774514134
SU00780,I007,0.9036530622864892
SU00781,I004,0.11731245917067601
SU00781,I007,0.13190562924797256
SU00781,I002,0.352670481603764
SU00782,I009,0.9883516409445539
SU00782,I007,0.045983215356968254
SU00783,I003,0.9060510674335025
SU00783,I005,0.7287177643052631
SU00783,I000,0.7169230635446118
SU00784,I003,0.2819378674921986
SU00784,I001,0.0625088892493515
SU00785,I003,0.45708774436895205
SU00786,I007,0.9609292857220774
SU00787,I002,0.6830942522725696
SU00788,I008,0.30890159003376216
SU00789,I006,0.1757312795074467
SU00790,I000,0.13133595195137993
SU00790,I007,0.19440341565061192
SU00790,I001,0.22219976524113738
SU00791,I008,0.2228281390915312
SU00791,I003,0.9973420442175128
SU00792,I005,0.2564330122689631
SU00792,I006,0.8199149377896238
SU00793,I007,0.3947875378489719
SU00794,I003,0.6394596164813086
SU00794,I001,0.7966248423695723
SU00794,I004,0.5883454213239808
SU00795,I002,0.10518303697641196
SU00796,I008,0.18142721570996545
SU00796,I002,0.20018437853839566
SU00797,I002,0.49536152436201897
SU00798,I002,0.753374900441912
SU00799,I004,0.4770441978851947
SU00799,I008,0.004552420408744595
SU00799,I002,0.0983812895005538
SU00800,I009,0.35522643071093307
SU00801,I006,0.9704911628987253
SU00802,I007,0.3348570942313659
SU00802,I000,0.8959684946659776
SU00803,I009,0.04821030639940593
SU00803,I000,0.030413792128669348
SU00804,I007,0.0705841736530356
SU00804,I006,0.7606243354700122
SU00804,I002,0.6831878377938146
SU00805,I005,0.4110011336291982
SU00805,I008,0.5574748858702826
SU00805,I002,0.8168171407156839
SU00806,I007,0.6595536982370611
SU00806,I002,0.5278713201429794
SU00807,I005,0.45267172990946736
SU00807,I003,0.34291036477486647
SU00808,I001,0.5702483050051735
SU00808,I000,0.8078901292750128
SU00808,I006,0.13732504858335393
SU00809,I007,0.3659431527913075
SU00809,I002,0.009390671252085703
SU00810,I000,0.9532179705011595
SU00810,I001,0.45061031078777525
SU00811,I008,0.22759658710494468
SU00811,I005,0.4794790612545966
SU00812,I008,0.6009020760229924
SU00812,I003,0.019376197487660174
SU00813,I004,0.41797489859462056
SU00813,I002,0.37199756585369403
SU00813,I008,0.26770464599868327
SU00814,I006,0.6469443952433889
SU00815,I003,0.8258288102249353
SU00815,I004,0.8812581365435246
SU00815,I009,0.917569247077817
SU00816,I002,0.6375109683088308
SU00816,I003,0.22484642237417585
SU00817,I003,0.6991319486176772
SU00817,I001,0.8259744386878951
SU00818,I002,0.6363662845212738
SU00819,I000,0.3608338990237867
SU00820,I009,0.2578457400554124
SU00821,I004,0.5799898821705411
SU00821,I007,0.07966030504769228
SU00822,I001,0.937509987953488
SU00822,I000,0.5767049446536245
SU00823,I008,0.8112181529261007
SU00823,I006,0.5939071183290142
SU00823,I001,0.13150868841140217
SU00824,I007,0.7414857759758167
SU00825,I006,0.11838354784766303
SU00826,I005,0.9140289947992419
SU00826,I000,0.5282053199869654
SU00827,I009,0.2933071554566945
SU00827,I004,0.5430348731122993
SU00827,I001,0.3935621541716443
SU00828,I002,0.5059300175207457
SU00829,I007,0.9475981574312947
SU00830,I006,0.6423257702773977
SU00830,I001,0.1714911940801993
SU00831,I008,0.032115352206559145
SU00831,I005,0.011723010809062684
SU00831,I009,0.07226362101910178
SU00832,I004,0.9755582167297719
SU00832,I005,0.2895280864262101
SU00832,I007,0.4478884379788911
SU00833,I006,0.13054479732688684
SU00834,I008,0.7941584201298906
SU00834,I000,0.6065305816532705
SU00835,I003,0.5979280504948041
SU00836,I003,0.9343627505505996
SU00836,I006,0.5502392913223312
SU00837,I004,0.6197779404523623
SU00837,I009,0.8584301023278488
SU00838,I004,0.45402760476107396
SU00839,I007,0.05115938668886455
SU00839,I009,0.11554828549192853
SU00840,I000,0.8249276340179795
SU00840,I004,0.055988035953205784
SU00841,I002,0.8143804122909346
SU00841,I004,0.9477996328530585
SU00841,I007,0.517565419520868
SU00842,I005,0.9388551539127483
SU00842,I009,0.9260504168810657
SU00842,I000,0.4162599072522567
SU00843,I006,0.42373949912921915
SU00843,I007,0.054357790874487666
SU00844,I009,0.07176001055534209
SU00844,I004,0.7570887211445878
SU00844,I002,0.9585874304143183
SU00845,I008,0.682890076200796
SU00845,I000,0.5507924801690048
SU00845,I004,0.9438471871822699
SU00846,I006,0.3636458867174899
SU00846,I001,0.004597807171410451
SU00847,I005,0.6148504415715669
SU00847,I007,0.2301344814569375
SU00847,I006,0.8143243536513547
SU00848,I008,0.7593631894564269
SU00848,I007,0.954353507600244
SU00849,I007,0.3930144888152265
SU00850,I000,0.8222698508412418
SU00851,I005,0.7981413355456882
SU00852,I003,0.22029560421767125
SU00853,I007,0.5335352135614018
SU00854,I001,0.700635065368666
SU00855,I004,0.24706715644319877
SU00855,I000,0.6114940268288355
SU00856,I003,0.32527390552902935
SU00856,I005,0.34235159752364874
SU00856,I007,0.38761364260055986
SU00857,I004,0.068620326296983
SU00857,I006,0.4706054741512925
SU00858,I009,0.2054150222876714
SU00859,I006,0.8434664625193902
SU00859,I007,0.7562133973107116
SU00860,I009,0.6512101956942761
SU00860,I007,0.5601858245158716
SU00861,I009,0.45093240476205887
SU00862,I001,0.5067301878468676
SU00862,I009,0.3202168602230976
SU00863,I000,0.7285935997278932
SU00863,I006,0.6220030930134398
SU00864,I003,0.2881238194267186
SU00864,I002,0.22171213141759027
SU00864,I005,0.5211189053530655
SU00865,I001,0.8101385775646402
SU00866,I009,0.6216848863110797
SU00866,I004,0.4917612914164403
SU00866,I006,0.8978349732517943
SU00867,I006,0.34687211339195534
SU00867,I009,0.09372146975790319
SU00868,I005,0.08394230491353816
SU00868,I009,0.25065413058692143
SU00868,I003,0.49037796423644353
SU00869,I002,0.08153049809774171
SU00869,I000,0.718124250999386
SU00869,I006,0.7794784122602212
SU00870,I001,0.7064401822480155
SU00870,I009,0.2144012281130402
SU00870,I004,0.6849532331962499
SU00871,I005,0.24087397815521505
SU00872,I006,0.07084687300517956
SU00872,I008,0.7100400331310012
SU00873,I000,0.9752811755484841
SU00873,I007,0.19175808614511702
SU00874,I003,0.37428136813511337
SU00874,I000,0.8973017875358422
SU00874,I005,0.7222876048671449
SU00875,I004,0.33521889577260555
SU00875,I008,0.41119013936984816
SU00875,I000,0.37407849768114954
SU00876,I002,0.6649625039918613
SU00876,I005,0.2987453097525694
SU00876,I009,0.4882867756146365
SU00877,I003,0.99635576414531
SU00877,I008,0.054290779144334445
SU00877,I002,0.6834473046336847
SU00878,I006,0.5630760254283641
SU00878,I007,0.35629769292726776
SU00879,I009,0.017004207254408765
SU00879,I004,0.2745002697682768
SU00879,I002,0.23597641297361738
SU00880,I005,0.3295588099003709
SU00880,I002,0.04046090624768828
SU00881,I005,0.2376310126797857
SU00881,I004,0.8502588852086944
SU00881,I007,0.5606379007679323
SU00882,I007,0.9006551776808509
SU00883,I001,0.9781672927258206
SU00883,I002,0.5359786967349961
SU00884,I005,0.08684909284540843
SU00884,I007,0.8529758159464944
SU00885,I004,0.7684321854312302
SU00886,I007,0.6675889147979274
SU00886,I001,0.1748218297973091
SU00886,I003,0.31895535075780357
SU00887,I003,0.2767951002264708
SU00887,I004,0.7510028554614251
SU00888,I007,0.5233429976414969
SU00889,I008,0.5828878456527063
SU00890,I002,0.7385613366907927
SU00890,I000,0.9014964428450163
SU00891,I001,0.21896921034411732
SU00891,I008,0.04450512805154372
SU00892,I004,0.07581851301179154
SU00893,I005,0.26161962727107946
SU00893,I008,0.7090448719677342
SU00894,I006,0.2491477325818191
SU00894,I003,0.4397185496684267
SU00894,I009,0.24349149254514924
SU00895,I005,0.10447996419465022
SU00895,I008,0.9022837328132133
SU00896,I002,0.08364166015089458
SU00896,I005,0.7749785716621538
SU00897,I009,0.7551832217574502
SU00898,I006,0.9994089304652385
SU00898,I003,0.7051418526283109
SU00898,I007,0.09840406061606244
SU00899,I008,0.1521013745388735
SU00900,I007,0.8069454227851204
SU00900,I000,0.023134389868183614
SU00900,I005,0.8530789760969962
SU00901,I008,0.08098078806018749
SU00901,I004,0.08283732850453696
SU00901,I003,0.17137013807087897
SU00902,I003,0.09958977479069897
SU00902,I007,0.7080331658724629
SU00902,I005,0.39811205794487947
SU00903,I006,0.873468355726457
SU00903,I009,0.9612658899845901
SU00903,I002,0.3111145943808301
SU00904,I002,0.19063225937888972
SU00904,I004,0.8550086533116931
SU00905,I008,0.7034393382830575
SU00906,I000,0.29403848644943
SU00907,I002,0.22382981625038423
SU00907,I005,0.7561949777839363
SU00908,I008,0.15779264732099962
SU00908,I001,0.058009547809165674
SU00909,I005,0.8340361034238202
SU00910,I009,0.33848945638042405
SU00910,I000,0.013202313063352733
SU00911,I006,0.7780966905693585
SU00911,I008,0.7716377467797103
SU00912,I006,0.36311839101686927
SU00913,I002,0.4753735362936389
SU00913,I005,0.6771208377666704
SU00914,I006,0.8001347887620236
SU00915,I000,0.22335768421801427
SU00915,I001,0.9195024213318665
SU00915,I002,0.32002942181236604
SU00916,I000,0.8421406059897929
SU00916,I006,0.8704772509701243
SU00917,I009,0.259639422941645
SU00917,I000,0.6003176166452375
SU00917,I004,0.513471102724057
SU00918,I006,0.07990771141456487
SU00919,I006,0.8959844589901569
SU00920,I008,0.2114701115347517
SU00921,I002,0.014798503231544635
SU00921,I008,0.7213074109172998
SU00921,I009,0.21800432895443034
SU00922,I003,0.9813394660542338
SU00923,I004,0.6583439017677374
SU00923,I000,0.9494204580502149
SU00923,I009,0.8636768507419442
SU00924,I001,0.8092118837300606
SU00925,I000,0.6393015172697759
SU00925,I005,0.9957332334480066
SU00926,I002,0.47588834132919045
SU00926,I001,0.47902645509346575
SU00926,I007,0.04958103831765259
SU00927,I000,0.11370831327928721
SU00928,I009,0.1825069722241257
SU00928,I000,0.6270911355514807
SU00928,I005,0.7191459084090941
SU00929,I008,0.9544480549568063
SU00929,I005,0.691390987194531
SU00930,I006,0.6784733595289688
SU00931,I008,0.5932356002988568
SU00931,I003,0.97595294914583
SU00931,I001,0.404127325427712
SU00932,I000,0.7155731050198342
SU00933,I006,0.38983853299615334
SU00933,I004,0.4528071914382339
SU00933,I000,0.5805713325673317
SU00934,I000,0.4599236183597063
SU00934,I005,0.9428798126364435
SU00935,I001,0.8200632450578844
SU00935,I008,0.3078455088829303
SU00936,I006,0.13852160485710718
SU00936,I002,0.904476257893644
SU00937,I008,0.33229065547874015
SU00937,I000,0.5798981946337288
SU00937,I003,0.9435305003811731
SU00938,I001,0.2124588554954413
SU00938,I003,0.9502874854677046
SU00938,I005,0.5745869718609289
SU00939,I009,0.8356364141552931
SU00939,I000,0.5675645419060339
SU00940,I004,0.8373744652834596
SU00940,I000,0.3948021307918176
SU00941,I008,0.6484788885395648
SU00941,I009,0.4602537402176681
SU00941,I006,0.05738164399764045
SU00942,I004,0.9241009703304492
SU00942,I002,0.3309047764524643
SU00943,I009,0.44037938933415777
SU00944,I000,0.3053163983041728
SU00944,I004,0.9693864307972115
SU00944,I005,0.3821243105492116
SU00945,I002,0.3870676968072042
SU00945,I003,0.6531175881199818
SU00946,I003,0.27643432181234917
SU00946,I002,0.3113467305784784
SU00946,I000,0.9111981150781314
SU00947,I007,0.30663025578844727
SU00947,I000,0.16759033725063754
SU00948,I000,0.8520953581163002
SU00949,I000,0.291034530133627
SU00949,I009,0.695503635179296
SU00949,I008,0.2688434510810159
SU00950,I007,0.148881368021771
SU00950,I008,0.4853330896754131
SU00951,I002,0.4751004583585162
SU00952,I000,0.1634041284976242
SU00952,I004,0.2972603407207475
SU00952,I003,0.052535518426637284
SU00953,I002,0.29956367075880586
SU00954,I007,0.8123697980398571
SU00955,I003,0.7440542842722557
SU00955,I005,0.7927930820095899
SU00955,I000,0.8831404221884112
SU00956,I004,0.0098492896343636
SU00956,I007,0.2999306286044908
SU00956,I003,0.255175386233094
SU00957,I002,0.7576974585925916
SU00957,I001,0.642635925391942
SU00958,I002,0.8673334493440299
SU00959,I008,0.3563729888972921
SU00959,I002,0.8055032554069125
SU00959,I006,0.700497240390043
SU00960,I001,0.39702976978765536
SU00960,I006,0.9825066358348403
SU00961,I004,0.348865500931288
SU00961,I008,0.5949722570504319
SU00962,I001,0.9151611211188708
SU00962,I009,0.5854508904625465
SU00962,I005,0.7532054748862075
SU00963,I001,0.05553431537351561
SU00964,I005,0.14761211581423406
SU00964,I006,0.2828291034682815
SU00964,I004,0.6358504003139503
SU00965,I004,0.6599110524256989
SU00965,I006,0.47677878463089185
SU00965,I003,0.9307280427720107
SU00966,I005,0.2696201748952112
SU00966,I006,0.4021559179913464
SU00966,I001,0.8423047005374014
SU00967,I009,0.07899591894910363
SU00967,I001,0.6533163296010485
SU00967,I008,0.1711649380056366
SU00968,I003,0.01878699124437655
SU00968,I007,0.8533244726225309
SU00969,I003,0.590148868726062
SU00969,I006,0.5942010854166179
SU00969,I002,0.79036364597101
SU00970,I004,0.5012176450250955
SU00970,I002,0.7708007453123666
SU00970,I007,0.6097219249727095
SU00971,I006,0.9906574056772322
SU00971,I002,0.5179443351696043
SU00972,I005,0.08285274267275589
SU00973,I006,0.19228530095960705
SU00973,I009,0.25512030375120875
SU00974,I008,0.7727309434058135
SU00975,I007,0.3132832504688341
SU00975,I002,0.1445353959382445
SU00975,I008,0.8916162479073088
SU00976,I002,0.07957081456742054
SU00976,I003,0.5304073511606344
SU00977,I008,0.8042293545140606
SU00977,I003,0.02531700404603965
SU00978,I000,0.8792505958629071
SU00978,I002,0.9243991358778746
SU00979,I004,0.4411123040637419
SU00980,I009,0.7252164386004795
SU00981,I006,0.13812766903071427
SU00982,I001,0.5154279012742548
SU00982,I005,0.7465271884280235
SU00982,I007,0.9204826761151196
SU00983,I001,0.1679235158190917
SU00984,I001,0.2625320622416043
SU00984,I009,0.5634022289531423
SU00985,I007,0.6516564235194156
SU00985,I005,0.8276650586079781
SU00985,I004,0.8253327923073973
SU00986,I000,0.6897442905691834
SU00987,I009,0.7804896620467858
SU00987,I007,0.6100689439364034
SU00988,I008,0.5233383186232606
SU00989,I006,0.25752467517580047
SU00990,I009,0.3736707822542451
SU00991,I004,0.86552274269482
SU00991,I000,0.7301570530110717
SU00991,I009,0.8617826420697959
SU00992,I003,0.5226589860560926
SU00993,I007,0.14428233825093018
SU00993,I003,0.9164272424576957
SU00993,I005,0.46115509728054727
SU00994,I002,0.8096368501584181
SU00994,I005,0.979306953858113
SU00995,I003,0.746423571952574
SU00995,I001,0.3594654686723283
SU00995,I005,0.9666015397951828
SU00996,I000,0.24159285504976824
SU00996,I006,0.02764721284242122
SU00997,I007,0.8055220031658074
SU00997,I000,0.2309563947008899
SU00997,I004,0.27304422013248
SU00998,I002,0.1273847240959567
SU00999,I002,0.8478597437918127
SU00999,I006,0.36708400877124336
SU00999,I005,0.5218540143635252
